	year	num_level_1	num_level_3	number_tested	num_level_2	pct_level_3_and_4	mean_scale_score	num_level_4	pct_level_4	pct_level_3	pct_level_2	pct_level_1	num_level_3_and_4	boroughBROOKLYN	boroughQUEENS	boroughMANHATTAN	boroughSTATEN ISLAND	boroughBRONX	bindemographic	grade6	grade5	grade8	grade3	grade7	gradeAll Grades	grade4
0	2006	876	1639	3754	1037	49.0	645	202	5.4	43.7	27.6	23.3	1841	0	0	0	0	1	1	0	0	0	1	0	0	0
1	2006	1186	6979	12691	2220	73.2	669	2306	18.2	55.0	17.5	9.3	9285	0	0	0	0	1	0	0	0	0	1	0	0	0
2	2007	489	1953	3726	908	62.5	659	376	10.1	52.4	24.4	13.1	2329	0	0	0	0	1	1	0	0	0	1	0	0	0
3	2007	756	7043	12463	1732	80.0	678	2932	23.5	56.5	13.9	6.1	9975	0	0	0	0	1	0	0	0	0	1	0	0	0
4	2008	205	2242	3311	620	75.1	666	244	7.4	67.7	18.7	6.2	2486	0	0	0	0	1	1	0	0	0	1	0	0	0
5	2008	465	8205	12325	1441	84.5	680	2214	18.0	66.6	11.7	3.8	10419	0	0	0	0	1	0	0	0	0	1	0	0	0
6	2009	95	2417	3370	523	81.7	672	335	9.9	71.7	15.5	2.8	2752	0	0	0	0	1	1	0	0	0	1	0	0	0
7	2009	163	8878	12439	1043	90.3	684	2355	18.9	71.4	8.4	1.3	11233	0	0	0	0	1	0	0	0	0	1	0	0	0
8	2010	975	839	3696	1642	29.2	673	240	6.5	22.7	44.4	26.4	1079	0	0	0	0	1	1	0	0	0	1	0	0	0
9	2010	1663	3790	12170	4695	47.8	686	2022	16.6	31.1	38.6	13.7	5812	0	0	0	0	1	0	0	0	0	1	0	0	0
10	2011	936	856	3518	1666	26.0	671	60	1.7	24.3	47.4	26.6	916	0	0	0	0	1	1	0	0	0	1	0	0	0
11	2011	1630	4897	12302	4962	46.4	681	813	6.6	39.8	40.3	13.2	5710	0	0	0	0	1	0	0	0	0	1	0	0	0
12	2012	957	847	3366	1501	27.0	671	61	1.8	25.2	44.6	28.4	908	0	0	0	0	1	1	0	0	0	1	0	0	0
13	2012	1734	5124	12697	4932	47.5	682	907	7.1	40.4	38.8	13.7	6031	0	0	0	0	1	0	0	0	0	1	0	0	0
14	2006	899	1033	3004	983	37.4	635	89	3.0	34.4	32.7	29.9	1122	0	0	0	0	1	1	0	0	0	0	0	0	1
15	2006	1313	6669	12794	2942	66.7	664	1870	14.6	52.1	23.0	10.3	8539	0	0	0	0	1	0	0	0	0	0	0	0	1
16	2007	778	1392	3408	1092	45.1	644	146	4.3	40.8	32.0	22.8	1538	0	0	0	0	1	1	0	0	0	0	0	0	1
17	2007	1128	6810	12658	2683	69.9	667	2037	16.1	53.8	21.2	8.9	8847	0	0	0	0	1	0	0	0	0	0	0	0	1
18	2008	469	1735	3223	865	58.6	653	154	4.8	53.8	26.8	14.6	1889	0	0	0	0	1	1	0	0	0	0	0	0	1
19	2008	935	7275	12522	2078	75.9	671	2234	17.8	58.1	16.6	7.5	9509	0	0	0	0	1	0	0	0	0	0	0	0	1
20	2009	328	1775	3084	639	68.6	664	342	11.1	57.6	20.7	10.6	2117	0	0	0	0	1	1	0	0	0	0	0	0	1
21	2009	703	6856	12447	1549	81.9	681	3339	26.8	55.1	12.4	5.6	10195	0	0	0	0	1	0	0	0	0	0	0	0	1
22	2010	583	799	3312	1733	30.1	661	197	5.9	24.1	52.3	17.6	996	0	0	0	0	1	1	0	0	0	0	0	0	1
23	2010	941	4433	12594	5247	50.9	677	1973	15.7	35.2	41.7	7.5	6406	0	0	0	0	1	0	0	0	0	0	0	0	1
24	2011	629	961	3469	1742	31.7	661	137	3.9	27.7	50.2	18.1	1098	0	0	0	0	1	1	0	0	0	0	0	0	1
25	2011	902	4839	12443	4657	55.3	679	2045	16.4	38.9	37.4	7.2	6884	0	0	0	0	1	0	0	0	0	0	0	0	1
26	2012	632	908	3280	1510	34.7	662	230	7.0	27.7	46.0	19.3	1138	0	0	0	0	1	1	0	0	0	0	0	0	1
27	2012	820	4658	12093	4242	58.1	681	2373	19.6	38.5	35.1	6.8	7031	0	0	0	0	1	0	0	0	0	0	0	0	1
28	2006	1019	714	2904	1127	26.1	628	44	1.5	24.6	38.8	35.1	758	0	0	0	0	1	1	0	1	0	0	0	0	0
29	2006	1956	5984	13489	4413	52.8	651	1136	8.4	44.4	32.7	14.5	7120	0	0	0	0	1	0	0	1	0	0	0	0	0
30	2007	787	942	2946	1145	34.4	635	72	2.4	32.0	38.9	26.7	1014	0	0	0	0	1	1	0	1	0	0	0	0	0
31	2007	1173	6860	13314	3736	63.1	661	1545	11.6	51.5	28.1	8.8	8405	0	0	0	0	1	0	0	1	0	0	0	0	0
32	2008	434	1341	2774	882	52.6	647	117	4.2	48.3	31.8	15.6	1458	0	0	0	0	1	1	0	1	0	0	0	0	0
33	2008	802	7616	12988	2563	74.1	668	2007	15.5	58.6	19.7	6.2	9623	0	0	0	0	1	0	0	1	0	0	0	0	0
34	2009	243	1632	2927	776	65.2	658	276	9.4	55.8	26.5	8.3	1908	0	0	0	0	1	1	0	1	0	0	0	0	0
35	2009	421	7158	12572	1816	82.2	677	3177	25.3	56.9	14.4	3.3	10335	0	0	0	0	1	0	0	1	0	0	0	0	0
36	2010	604	704	3009	1553	28.3	658	148	4.9	23.4	51.6	20.1	852	0	0	0	0	1	1	0	1	0	0	0	0	0
37	2010	1115	4627	12511	4773	52.9	676	1996	16.0	37.0	38.2	8.9	6623	0	0	0	0	1	0	0	1	0	0	0	0	0
38	2011	676	734	2999	1501	27.4	658	88	2.9	24.5	50.1	22.5	822	0	0	0	0	1	1	0	1	0	0	0	0	0
39	2011	885	5382	12707	4590	56.9	679	1850	14.6	42.4	36.1	7.0	7232	0	0	0	0	1	0	0	1	0	0	0	0	0
40	2012	716	769	3066	1408	30.7	658	173	5.6	25.1	45.9	23.4	942	0	0	0	0	1	1	0	1	0	0	0	0	0
41	2012	1145	4875	12658	4125	58.4	680	2513	19.9	38.5	32.6	9.0	7388	0	0	0	0	1	0	0	1	0	0	0	0	0
42	2006	1266	367	2486	834	15.5	611	19	0.8	14.8	33.5	50.9	386	0	0	0	0	1	1	1	0	0	0	0	0	0
43	2006	2829	5100	13345	4764	43.1	641	652	4.9	38.2	35.7	21.2	5752	0	0	0	0	1	0	1	0	0	0	0	0	0
44	2007	966	631	2644	999	25.7	625	48	1.8	23.9	37.8	36.5	679	0	0	0	0	1	1	1	0	0	0	0	0	0
45	2007	1896	5885	12978	4129	53.6	651	1068	8.2	45.3	31.8	14.6	6953	0	0	0	0	1	0	1	0	0	0	0	0	0
46	2008	539	912	2468	947	39.8	637	70	2.8	37.0	38.4	21.8	982	0	0	0	0	1	1	1	0	0	0	0	0	0
47	2008	1298	6629	12907	3460	63.1	657	1520	11.8	51.4	26.8	10.1	8149	0	0	0	0	1	0	1	0	0	0	0	0	0
48	2009	405	1177	2556	873	50.0	647	101	4.0	46.0	34.2	15.8	1278	0	0	0	0	1	1	1	0	0	0	0	0	0
49	2009	826	7208	12884	2983	70.4	666	1867	14.5	55.9	23.2	6.4	9075	0	0	0	0	1	0	1	0	0	0	0	0	0
50	2010	883	399	2694	1337	17.6	645	75	2.8	14.8	49.6	32.8	474	0	0	0	0	1	1	1	0	0	0	0	0	0
51	2010	1697	3851	12714	5235	45.5	669	1931	15.2	30.3	41.2	13.3	5782	0	0	0	0	1	0	1	0	0	0	0	0	0
52	2011	835	563	2830	1352	22.7	651	80	2.8	19.9	47.8	29.5	643	0	0	0	0	1	1	1	0	0	0	0	0	0
53	2011	1696	4208	12563	4961	47.0	670	1698	13.5	33.5	39.5	13.5	5906	0	0	0	0	1	0	1	0	0	0	0	0	0
54	2012	759	507	2558	1190	23.8	648	102	4.0	19.8	46.5	29.7	609	0	0	0	0	1	1	1	0	0	0	0	0	0
55	2012	1585	4261	12990	4821	50.7	672	2323	17.9	32.8	37.1	12.2	6584	0	0	0	0	1	0	1	0	0	0	0	0	0
56	2006	1236	343	2795	1202	12.8	609	14	0.5	12.3	43.0	44.2	357	0	0	0	0	1	1	0	0	0	0	1	0	0
57	2006	2956	4383	13860	6171	34.1	633	350	2.5	31.6	44.5	21.3	4733	0	0	0	0	1	0	0	0	0	0	1	0	0
58	2007	873	480	2593	1218	19.4	620	22	0.8	18.5	47.0	33.7	502	0	0	0	0	1	1	0	0	0	0	1	0	0
59	2007	1698	5454	13613	5528	46.9	646	933	6.9	40.1	40.6	12.5	6387	0	0	0	0	1	0	0	0	0	0	1	0	0
60	2008	418	889	2464	1121	37.5	636	36	1.5	36.1	45.5	17.0	925	0	0	0	0	1	1	0	0	0	0	1	0	0
61	2008	933	6958	13567	4425	60.5	655	1251	9.2	51.3	32.6	6.9	8209	0	0	0	0	1	0	0	0	0	0	1	0	0
62	2009	182	1222	2453	995	52.0	648	54	2.2	49.8	40.6	7.4	1276	0	0	0	0	1	1	0	0	0	0	1	0	0
63	2009	317	8329	13158	2938	75.3	665	1574	12.0	63.3	22.3	2.4	9903	0	0	0	0	1	0	0	0	0	0	1	0	0
64	2010	883	411	2609	1253	18.1	643	62	2.4	15.8	48.0	33.8	473	0	0	0	0	1	1	0	0	0	0	1	0	0
65	2010	1897	3850	12945	5473	43.1	663	1725	13.3	29.7	42.3	14.7	5575	0	0	0	0	1	0	0	0	0	0	1	0	0
66	2011	879	439	2657	1261	19.5	646	78	2.9	16.5	47.5	33.1	517	0	0	0	0	1	1	0	0	0	0	1	0	0
67	2011	1654	4037	12798	5267	45.9	666	1840	14.4	31.5	41.2	12.9	5877	0	0	0	0	1	0	0	0	0	0	1	0	0
68	2012	915	469	2739	1273	20.1	646	82	3.0	17.1	46.5	33.4	551	0	0	0	0	1	1	0	0	0	0	1	0	0
69	2012	1731	4008	12645	4963	47.1	666	1943	15.4	31.7	39.2	13.7	5951	0	0	0	0	1	0	0	0	0	0	1	0	0
70	2006	1443	359	2924	1112	12.6	610	10	0.3	12.3	38.0	49.4	369	0	0	0	0	1	1	0	0	1	0	0	0	0
71	2006	4105	3515	13814	5830	28.1	630	364	2.6	25.4	42.2	29.7	3879	0	0	0	0	1	0	0	0	1	0	0	0	0
72	2007	1208	447	2861	1191	16.1	619	15	0.5	15.6	41.6	42.2	462	0	0	0	0	1	1	0	0	1	0	0	0	0
73	2007	3292	4332	13868	5762	34.7	638	482	3.5	31.2	41.5	23.7	4814	0	0	0	0	1	0	0	0	1	0	0	0	0
74	2008	508	733	2225	945	34.7	635	39	1.8	32.9	42.5	22.8	772	0	0	0	0	1	1	0	0	1	0	0	0	0
75	2008	1902	5801	13587	5053	48.8	648	831	6.1	42.7	37.2	14.0	6632	0	0	0	0	1	0	0	0	1	0	0	0	0
76	2009	277	1182	2524	1019	48.7	646	46	1.8	46.8	40.4	11.0	1228	0	0	0	0	1	1	0	0	1	0	0	0	0
77	2009	747	7602	13530	3994	65.0	661	1187	8.8	56.2	29.5	5.5	8789	0	0	0	0	1	0	0	0	1	0	0	0	0
78	2010	828	396	2637	1373	16.5	649	40	1.5	15.0	52.1	31.4	436	0	0	0	0	1	1	0	0	1	0	0	0	0
79	2010	2385	3313	13262	6392	33.8	663	1172	8.8	25.0	48.2	18.0	4485	0	0	0	0	1	0	0	0	1	0	0	0	0
80	2011	798	579	2724	1310	22.6	648	37	1.4	21.3	48.1	29.3	616	0	0	0	0	1	1	0	0	1	0	0	0	0
81	2011	1872	4391	13029	5685	42.0	665	1081	8.3	33.7	43.6	14.4	5472	0	0	0	0	1	0	0	0	1	0	0	0	0
82	2012	659	627	2631	1277	26.4	654	68	2.6	23.8	48.5	25.0	695	0	0	0	0	1	1	0	0	1	0	0	0	0
83	2012	1422	4568	12725	5541	45.3	669	1194	9.4	35.9	43.5	11.2	5762	0	0	0	0	1	0	0	0	1	0	0	0	0
84	2006	6739	4455	17867	6295	27.0	624	378	2.1	24.9	35.2	37.7	4833	0	0	0	0	1	1	0	0	0	0	0	1	0
85	2006	14345	32630	79993	26340	49.1	647	6678	8.3	40.8	32.9	17.9	39308	0	0	0	0	1	0	0	0	0	0	0	1	0
86	2007	5101	5845	18178	6553	35.9	636	679	3.7	32.2	36.0	28.1	6524	0	0	0	0	1	1	0	0	0	0	0	1	0
87	2007	9943	36384	78894	23570	57.5	656	8997	11.4	46.1	29.9	12.6	45381	0	0	0	0	1	0	0	0	0	0	0	1	0
88	2008	2573	7852	16465	5380	51.7	647	660	4.0	47.7	32.7	15.6	8512	0	0	0	0	1	1	0	0	0	0	0	1	0
89	2008	6335	42484	77896	19020	67.5	663	10057	12.9	54.5	24.4	8.1	52541	0	0	0	0	1	0	0	0	0	0	0	1	0
90	2009	1530	9405	16914	4825	62.4	657	1154	6.8	55.6	28.5	9.0	10559	0	0	0	0	1	1	0	0	0	0	0	1	0
91	2009	3177	46031	77030	14323	77.3	672	13499	17.5	59.8	18.6	4.1	59530	0	0	0	0	1	0	0	0	0	0	0	1	0
92	2010	4756	3548	17957	8891	24.0	656	762	4.2	19.8	49.5	26.5	4310	0	0	0	0	1	1	0	0	0	0	0	1	0
93	2010	9698	23864	76196	31815	45.5	672	10819	14.2	31.3	41.8	12.7	34683	0	0	0	0	1	0	0	0	0	0	0	1	0
94	2011	4753	4132	18197	8832	25.3	657	480	2.6	22.7	48.5	26.1	4612	0	0	0	0	1	1	0	0	0	0	0	1	0
95	2011	8639	27754	75842	30122	48.9	673	9327	12.3	36.6	39.7	11.4	37081	0	0	0	0	1	0	0	0	0	0	0	1	0
96	2012	4638	4127	17640	8159	27.5	657	716	4.1	23.4	46.3	26.3	4843	0	0	0	0	1	1	0	0	0	0	0	1	0
97	2012	8437	27494	75808	28624	51.1	675	11253	14.8	36.3	37.8	11.1	38747	0	0	0	0	1	0	0	0	0	0	0	1	0
98	2006	551	1826	3590	856	60.8	656	357	9.9	50.9	23.8	15.3	2183	1	0	0	0	0	1	0	0	0	1	0	0	0
99	2006	1472	9994	19463	2786	78.1	677	5211	26.8	51.3	14.3	7.6	15205	1	0	0	0	0	0	0	0	0	1	0	0	0
100	2007	358	1929	3550	658	71.4	668	605	17.0	54.3	18.5	10.1	2534	1	0	0	0	0	1	0	0	0	1	0	0	0
101	2007	880	9993	19211	2205	83.9	686	6133	31.9	52.0	11.5	4.6	16126	1	0	0	0	0	0	0	0	0	1	0	0	0
102	2008	171	2266	3379	512	79.8	673	430	12.7	67.1	15.2	5.1	2696	1	0	0	0	0	1	0	0	0	1	0	0	0
103	2008	565	11544	18503	1622	88.2	687	4772	25.8	62.4	8.8	3.1	16316	1	0	0	0	0	0	0	0	0	1	0	0	0
104	2009	92	2470	3460	416	85.3	677	482	13.9	71.4	12.0	2.7	2952	1	0	0	0	0	1	0	0	0	1	0	0	0
105	2009	215	11990	18358	1179	92.4	692	4974	27.1	65.3	6.4	1.2	16964	1	0	0	0	0	0	0	0	0	1	0	0	0
106	2010	746	986	3661	1466	39.6	680	463	12.6	26.9	40.0	20.4	1449	1	0	0	0	0	1	0	0	0	1	0	0	0
107	2010	2015	6053	18407	6035	56.3	692	4304	23.4	32.9	32.8	10.9	10357	1	0	0	0	0	0	0	0	0	1	0	0	0
108	2011	756	1208	3575	1458	38.1	675	153	4.3	33.8	40.8	21.1	1361	1	0	0	0	0	1	0	0	0	1	0	0	0
109	2011	1857	8264	18613	5997	57.8	686	2495	13.4	44.4	32.2	10.0	10759	1	0	0	0	0	0	0	0	0	1	0	0	0
110	2012	716	1251	3449	1301	41.5	677	181	5.2	36.3	37.7	20.8	1432	1	0	0	0	0	1	0	0	0	1	0	0	0
111	2012	1799	8559	18707	5798	59.4	688	2551	13.6	45.8	31.0	9.6	11110	1	0	0	0	0	0	0	0	0	1	0	0	0
112	2006	616	1093	2591	698	49.3	645	184	7.1	42.2	26.9	23.8	1277	1	0	0	0	0	1	0	0	0	0	0	0	1
113	2006	1663	10115	20003	3559	73.9	673	4666	23.3	50.6	17.8	8.3	14781	1	0	0	0	0	0	0	0	0	0	0	0	1
114	2007	548	1511	3162	829	56.5	654	274	8.7	47.8	26.2	17.3	1785	1	0	0	0	0	1	0	0	0	0	0	0	1
115	2007	1233	9813	19151	3131	77.2	678	4974	26.0	51.2	16.3	6.4	14787	1	0	0	0	0	0	0	0	0	0	0	0	1
116	2008	365	1608	2915	638	65.6	660	304	10.4	55.2	21.9	12.5	1912	1	0	0	0	0	1	0	0	0	0	0	0	1
117	2008	1052	10070	19209	2518	81.4	681	5569	29.0	52.4	13.1	5.5	15639	1	0	0	0	0	0	0	0	0	0	0	0	1
118	2009	257	1647	2941	521	73.5	670	516	17.5	56.0	17.7	8.7	2163	1	0	0	0	0	1	0	0	0	0	0	0	1
119	2009	696	9282	18789	1825	86.6	691	6986	37.2	49.4	9.7	3.7	16268	1	0	0	0	0	0	0	0	0	0	0	0	1
120	2010	462	1001	3377	1563	40.0	668	351	10.4	29.6	46.3	13.7	1352	1	0	0	0	0	1	0	0	0	0	0	0	1
121	2010	1103	6568	18728	6091	61.6	687	4966	26.5	35.1	32.5	5.9	11534	1	0	0	0	0	0	0	0	0	0	0	0	1
122	2011	484	1071	3248	1388	42.4	668	305	9.4	33.0	42.7	14.9	1376	1	0	0	0	0	1	0	0	0	0	0	0	1
123	2011	1034	7014	18869	5745	64.1	687	5076	26.9	37.2	30.4	5.5	12090	1	0	0	0	0	0	0	0	0	0	0	0	1
124	2012	437	1099	3154	1172	49.0	672	446	14.1	34.8	37.2	13.9	1545	1	0	0	0	0	1	0	0	0	0	0	0	1
125	2012	892	6875	18541	4940	68.5	691	5834	31.5	37.1	26.6	4.8	12709	1	0	0	0	0	0	0	0	0	0	0	0	1
126	2006	657	809	2455	829	39.5	639	160	6.5	33.0	33.8	26.8	969	1	0	0	0	0	1	0	1	0	0	0	0	0
127	2006	2263	9491	20617	5065	64.5	663	3798	18.4	46.0	24.6	11.0	13289	1	0	0	0	0	0	0	1	0	0	0	0	0
128	2007	484	993	2488	795	48.6	648	216	8.7	39.9	32.0	19.5	1209	1	0	0	0	0	1	0	1	0	0	0	0	0
129	2007	1237	10443	20374	4026	74.2	673	4668	22.9	51.3	19.8	6.1	15111	1	0	0	0	0	0	0	1	0	0	0	0	0
130	2008	316	1248	2497	682	60.0	656	251	10.1	50.0	27.3	12.7	1499	1	0	0	0	0	1	0	1	0	0	0	0	0
131	2008	743	10628	19333	2765	81.9	679	5197	26.9	55.0	14.3	3.8	15825	1	0	0	0	0	0	0	1	0	0	0	0	0
132	2009	199	1466	2601	545	71.4	665	391	15.0	56.4	21.0	7.7	1857	1	0	0	0	0	1	0	1	0	0	0	0	0
133	2009	403	9943	18981	2022	87.2	685	6613	34.8	52.4	10.7	2.1	16556	1	0	0	0	0	0	0	1	0	0	0	0	0
134	2010	446	805	2794	1291	37.8	665	252	9.0	28.8	46.2	16.0	1057	1	0	0	0	0	1	0	1	0	0	0	0	0
135	2010	1214	6979	18574	5941	61.5	684	4440	23.9	37.6	32.0	6.5	11419	1	0	0	0	0	0	0	1	0	0	0	0	0
136	2011	492	909	2945	1283	39.7	665	261	8.9	30.9	43.6	16.7	1170	1	0	0	0	0	1	0	1	0	0	0	0	0
137	2011	988	7706	18615	5403	65.7	687	4518	24.3	41.4	29.0	5.3	12224	1	0	0	0	0	0	0	1	0	0	0	0	0
138	2012	487	850	2759	1095	42.7	667	327	11.9	30.8	39.7	17.7	1177	1	0	0	0	0	1	0	1	0	0	0	0	0
139	2012	1096	6955	18371	4634	68.8	690	5686	31.0	37.9	25.2	6.0	12641	1	0	0	0	0	0	0	1	0	0	0	0	0
140	2006	801	500	2077	706	27.4	623	70	3.4	24.1	34.0	38.6	570	1	0	0	0	0	1	1	0	0	0	0	0	0
141	2006	3463	8991	21293	6341	54.0	651	2498	11.7	42.2	29.8	16.3	11489	1	0	0	0	0	0	1	0	0	0	0	0	0
142	2007	683	710	2197	708	36.7	633	96	4.4	32.3	32.2	31.1	806	1	0	0	0	0	1	1	0	0	0	0	0	0
143	2007	2225	9325	20099	4900	64.6	663	3649	18.2	46.4	24.4	11.1	12974	1	0	0	0	0	0	1	0	0	0	0	0	0
144	2008	380	900	2090	668	49.9	645	142	6.8	43.1	32.0	18.2	1042	1	0	0	0	0	1	1	0	0	0	0	0	0
145	2008	1299	9986	19727	3894	73.7	670	4548	23.1	50.6	19.7	6.6	14534	1	0	0	0	0	0	1	0	0	0	0	0	0
146	2009	316	1018	2265	713	54.6	652	218	9.6	44.9	31.5	14.0	1236	1	0	0	0	0	1	1	0	0	0	0	0	0
147	2009	779	10431	19163	3196	79.3	676	4757	24.8	54.4	16.7	4.1	15188	1	0	0	0	0	0	1	0	0	0	0	0	0
148	2010	670	468	2446	1115	27.0	653	193	7.9	19.1	45.6	27.4	661	1	0	0	0	0	1	1	0	0	0	0	0	0
149	2010	1854	5799	18949	6608	55.3	677	4688	24.7	30.6	34.9	9.8	10487	1	0	0	0	0	0	1	0	0	0	0	0	0
150	2011	677	610	2609	1076	32.8	658	246	9.4	23.4	41.2	25.9	856	1	0	0	0	0	1	1	0	0	0	0	0	0
151	2011	1776	6140	18693	6112	57.8	680	4665	25.0	32.8	32.7	9.5	10805	1	0	0	0	0	0	1	0	0	0	0	0	0
152	2012	593	548	2483	1062	33.3	656	280	11.3	22.1	42.8	23.9	828	1	0	0	0	0	1	1	0	0	0	0	0	0
153	2012	1578	6046	18852	5740	61.2	682	5488	29.1	32.1	30.4	8.4	11534	1	0	0	0	0	0	1	0	0	0	0	0	0
154	2006	974	509	2496	959	22.6	616	54	2.2	20.4	38.4	39.0	563	1	0	0	0	0	1	0	0	0	0	1	0	0
155	2006	3618	7968	21112	7820	45.8	643	1706	8.1	37.7	37.0	17.1	9674	1	0	0	0	0	0	0	0	0	0	1	0	0
156	2007	591	534	2151	928	29.4	629	98	4.6	24.8	43.1	27.5	632	1	0	0	0	0	1	0	0	0	0	1	0	0
157	2007	2153	9032	21477	7122	56.8	656	3170	14.8	42.1	33.2	10.0	12202	1	0	0	0	0	0	0	0	0	0	1	0	0
158	2008	346	888	2172	816	46.5	642	122	5.6	40.9	37.6	15.9	1010	1	0	0	0	0	1	0	0	0	0	1	0	0
159	2008	1036	10376	20545	5112	70.1	666	4021	19.6	50.5	24.9	5.0	14397	1	0	0	0	0	0	0	0	0	0	1	0	0
160	2009	132	1150	2200	754	59.7	655	164	7.5	52.3	34.3	6.0	1314	1	0	0	0	0	1	0	0	0	0	1	0	0
161	2009	350	11698	19903	3078	82.8	676	4777	24.0	58.8	15.5	1.8	16475	1	0	0	0	0	0	0	0	0	0	1	0	0
162	2010	703	485	2455	1051	28.6	651	216	8.8	19.8	42.8	28.6	701	1	0	0	0	0	1	0	0	0	0	1	0	0
163	2010	1937	5979	19324	6787	54.9	673	4621	23.9	30.9	35.1	10.0	10600	1	0	0	0	0	0	0	0	0	0	1	0	0
164	2011	666	534	2484	1041	31.3	655	243	9.8	21.5	41.9	26.8	777	1	0	0	0	0	1	0	0	0	0	1	0	0
165	2011	1736	5879	19136	6324	57.9	676	5197	27.2	30.7	33.0	9.1	11076	1	0	0	0	0	0	0	0	0	0	1	0	0
166	2012	644	509	2431	1015	31.8	655	263	10.8	20.9	41.8	26.5	772	1	0	0	0	0	1	0	0	0	0	1	0	0
167	2012	1696	5905	18662	5660	60.6	678	5401	28.9	31.6	30.3	9.1	11306	1	0	0	0	0	0	0	0	0	0	1	0	0
168	2006	988	531	2463	889	23.8	620	55	2.2	21.6	36.1	40.1	586	1	0	0	0	0	1	0	0	1	0	0	0	0
169	2006	4793	7188	21620	7922	41.2	642	1717	7.9	33.2	36.6	22.2	8905	1	0	0	0	0	0	0	0	1	0	0	0	0
170	2007	855	665	2527	929	29.4	629	78	3.1	26.3	36.8	33.8	743	1	0	0	0	0	1	0	0	1	0	0	0	0
171	2007	3728	7947	21152	7445	47.2	649	2032	9.6	37.6	35.2	17.6	9979	1	0	0	0	0	0	0	0	1	0	0	0	0
172	2008	407	784	2017	716	44.3	643	110	5.5	38.9	35.5	20.2	894	1	0	0	0	0	1	0	0	1	0	0	0	0
173	2008	1970	9678	20781	6123	61.1	660	3010	14.5	46.6	29.5	9.5	12688	1	0	0	0	0	0	0	0	1	0	0	0	0
174	2009	244	1148	2358	802	55.6	653	164	7.0	48.7	34.0	10.3	1312	1	0	0	0	0	1	0	0	1	0	0	0	0
175	2009	836	11530	20472	4960	71.7	668	3146	15.4	56.3	24.2	4.1	14676	1	0	0	0	0	0	0	0	1	0	0	0	0
176	2010	636	583	2589	1159	30.7	659	211	8.1	22.5	44.8	24.6	794	1	0	0	0	0	1	0	0	1	0	0	0	0
177	2010	2443	6085	20260	8160	47.7	674	3572	17.6	30.0	40.3	12.1	9657	1	0	0	0	0	0	0	0	1	0	0	0	0
178	2011	539	735	2591	1048	38.7	661	269	10.4	28.4	40.4	20.8	1004	1	0	0	0	0	1	0	0	1	0	0	0	0
179	2011	2017	6973	19583	7086	53.5	675	3507	17.9	35.6	36.2	10.3	10480	1	0	0	0	0	0	0	0	1	0	0	0	0
180	2012	451	795	2513	1019	41.5	664	248	9.9	31.6	40.5	17.9	1043	1	0	0	0	0	1	0	0	1	0	0	0	0
181	2012	1452	7129	19149	6883	56.5	678	3685	19.2	37.2	35.9	7.6	10814	1	0	0	0	0	0	0	0	1	0	0	0	0
182	2006	4587	5268	15672	4937	39.2	635	880	5.6	33.6	31.5	29.3	6148	1	0	0	0	0	1	0	0	0	0	0	1	0
183	2006	17272	53747	124108	33493	59.1	658	19596	15.8	43.3	27.0	13.9	73343	1	0	0	0	0	0	0	0	0	0	0	1	0
184	2007	3519	6342	16075	4847	48.0	646	1367	8.5	39.5	30.2	21.9	7709	1	0	0	0	0	1	0	0	0	0	0	1	0
185	2007	11456	56553	121464	28829	66.8	667	24626	20.3	46.6	23.7	9.4	81179	1	0	0	0	0	0	0	0	0	0	0	1	0
186	2008	1985	7694	15070	4032	60.1	655	1359	9.0	51.1	26.8	13.2	9053	1	0	0	0	0	1	0	0	0	0	0	1	0
187	2008	6665	62282	118098	22034	75.7	674	27117	23.0	52.7	18.7	5.6	89399	1	0	0	0	0	0	0	0	0	0	0	1	0
188	2009	1240	8899	15825	3751	68.5	664	1935	12.2	56.2	23.7	7.8	10834	1	0	0	0	0	1	0	0	0	0	0	1	0
189	2009	3279	64874	115666	16260	83.1	681	31253	27.0	56.1	14.1	2.8	96127	1	0	0	0	0	0	0	0	0	0	0	1	0
190	2010	3663	4328	17322	7645	34.7	664	1686	9.7	25.0	44.1	21.1	6014	1	0	0	0	0	1	0	0	0	0	0	1	0
191	2010	10566	37463	114242	39622	56.1	681	26591	23.3	32.8	34.7	9.2	64054	1	0	0	0	0	0	0	0	0	0	0	1	0
192	2011	3614	5067	17452	7294	37.5	665	1477	8.5	29.0	41.8	20.7	6544	1	0	0	0	0	1	0	0	0	0	0	1	0
193	2011	9408	41976	113509	36667	59.4	682	25458	22.4	37.0	32.3	8.3	67434	1	0	0	0	0	0	0	0	0	0	0	1	0
194	2012	3328	5052	16789	6664	40.5	666	1745	10.4	30.1	39.7	19.8	6797	1	0	0	0	0	1	0	0	0	0	0	1	0
195	2012	8513	41469	112282	33655	62.4	684	28645	25.5	36.9	30.0	7.6	70114	1	0	0	0	0	0	0	0	0	0	0	1	0
196	2006	403	1073	2314	642	54.8	652	196	8.5	46.4	27.7	17.4	1269	0	0	1	0	0	1	0	0	0	1	0	0	0
197	2006	506	3810	7324	1071	78.5	678	1937	26.4	52.0	14.6	6.9	5747	0	0	1	0	0	0	0	0	0	1	0	0	0
198	2007	250	1270	2283	504	67.0	662	259	11.3	55.6	22.1	11.0	1529	0	0	1	0	0	1	0	0	0	1	0	0	0
199	2007	309	3893	7154	763	85.0	686	2189	30.6	54.4	10.7	4.3	6082	0	0	1	0	0	0	0	0	0	1	0	0	0
200	2008	95	1392	2078	370	77.6	671	221	10.6	67.0	17.8	4.6	1613	0	0	1	0	0	1	0	0	0	1	0	0	0
201	2008	162	4254	6936	644	88.4	688	1876	27.0	61.3	9.3	2.3	6130	0	0	1	0	0	0	0	0	0	1	0	0	0
202	2009	53	1504	2080	276	84.2	675	247	11.9	72.3	13.3	2.5	1751	0	0	1	0	0	1	0	0	0	1	0	0	0
203	2009	71	4586	7112	430	93.0	693	2025	28.5	64.5	6.0	1.0	6611	0	0	1	0	0	0	0	0	0	1	0	0	0
204	2010	430	489	1910	802	35.5	678	189	9.9	25.6	42.0	22.5	678	0	0	1	0	0	1	0	0	0	1	0	0	0
205	2010	653	2413	7008	2022	61.8	695	1920	27.4	34.4	28.9	9.3	4333	0	0	1	0	0	0	0	0	0	1	0	0	0
206	2011	396	547	1811	799	34.0	675	69	3.8	30.2	44.1	21.9	616	0	0	1	0	0	1	0	0	0	1	0	0	0
207	2011	588	3167	7195	2041	63.5	690	1399	19.4	44.0	28.4	8.2	4566	0	0	1	0	0	0	0	0	0	1	0	0	0
208	2012	383	508	1657	699	34.7	676	67	4.0	30.7	42.2	23.1	575	0	0	1	0	0	1	0	0	0	1	0	0	0
209	2012	580	3650	7548	2033	65.4	691	1285	17.0	48.4	26.9	7.7	4935	0	0	1	0	0	0	0	0	0	1	0	0	0
210	2006	459	747	1864	530	46.9	644	128	6.9	40.1	28.4	24.6	875	0	0	1	0	0	1	0	0	0	0	0	0	1
211	2006	545	3865	7781	1435	74.6	675	1936	24.9	49.7	18.4	7.0	5801	0	0	1	0	0	0	0	0	0	0	0	0	1
212	2007	362	836	1937	615	49.6	649	124	6.4	43.2	31.8	18.7	960	0	0	1	0	0	1	0	0	0	0	0	0	1
213	2007	431	3597	7391	1244	77.3	680	2119	28.7	48.7	16.8	5.8	5716	0	0	1	0	0	0	0	0	0	0	0	0	1
214	2008	223	1003	1836	444	63.7	659	166	9.0	54.6	24.2	12.1	1169	0	0	1	0	0	1	0	0	0	0	0	0	1
215	2008	346	3779	7321	917	82.7	684	2279	31.1	51.6	12.5	4.7	6058	0	0	1	0	0	0	0	0	0	0	0	0	1
216	2009	163	961	1796	371	70.3	668	301	16.8	53.5	20.7	9.1	1262	0	0	1	0	0	1	0	0	0	0	0	0	1
217	2009	306	3199	7126	649	86.6	694	2972	41.7	44.9	9.1	4.3	6171	0	0	1	0	0	0	0	0	0	0	0	0	1
218	2010	252	539	1906	919	38.6	668	196	10.3	28.3	48.2	13.2	735	0	0	1	0	0	1	0	0	0	0	0	0	1
219	2010	407	2436	7337	2123	65.5	692	2371	32.3	33.2	28.9	5.5	4807	0	0	1	0	0	0	0	0	0	0	0	0	1
220	2011	247	573	1745	750	42.9	670	175	10.0	32.8	43.0	14.2	748	0	0	1	0	0	1	0	0	0	0	0	0	1
221	2011	330	2578	7239	1820	70.3	694	2511	34.7	35.6	25.1	4.6	5089	0	0	1	0	0	0	0	0	0	0	0	0	1
222	2012	216	504	1561	648	44.7	670	193	12.4	32.3	41.5	13.8	697	0	0	1	0	0	1	0	0	0	0	0	0	1
223	2012	337	2573	7349	1687	72.5	695	2752	37.4	35.0	23.0	4.6	5325	0	0	1	0	0	0	0	0	0	0	0	0	1
224	2006	613	509	1812	614	32.3	632	76	4.2	28.1	33.9	33.8	585	0	0	1	0	0	1	0	1	0	0	0	0	0
225	2006	824	3633	7974	1974	64.9	665	1543	19.4	45.6	24.8	10.3	5176	0	0	1	0	0	0	0	1	0	0	0	0	0
226	2007	347	641	1675	603	43.3	643	84	5.0	38.3	36.0	20.7	725	0	0	1	0	0	1	0	1	0	0	0	0	0
227	2007	370	3962	7656	1554	74.9	674	1770	23.1	51.8	20.3	4.8	5732	0	0	1	0	0	0	0	1	0	0	0	0	0
228	2008	216	702	1458	435	55.3	650	105	7.2	48.1	29.8	14.8	807	0	0	1	0	0	1	0	1	0	0	0	0	0
229	2008	296	3862	7456	1138	80.8	680	2160	29.0	51.8	15.3	4.0	6022	0	0	1	0	0	0	0	1	0	0	0	0	0
230	2009	94	875	1500	316	72.7	666	215	14.3	58.3	21.1	6.3	1090	0	0	1	0	0	1	0	1	0	0	0	0	0
231	2009	141	3535	7224	672	88.7	689	2876	39.8	48.9	9.3	2.0	6411	0	0	1	0	0	0	0	1	0	0	0	0	0
232	2010	259	481	1606	737	38.0	665	129	8.0	30.0	45.9	16.1	610	0	0	1	0	0	1	0	1	0	0	0	0	0
233	2010	438	2457	6939	1906	66.2	688	2138	30.8	35.4	27.5	6.3	4595	0	0	1	0	0	0	0	1	0	0	0	0	0
234	2011	266	425	1522	715	35.5	665	116	7.6	27.9	47.0	17.5	541	0	0	1	0	0	1	0	1	0	0	0	0	0
235	2011	329	2739	7175	1868	69.4	691	2239	31.2	38.2	26.0	4.6	4978	0	0	1	0	0	0	0	1	0	0	0	0	0
236	2012	306	420	1404	550	39.0	663	128	9.1	29.9	39.2	21.8	548	0	0	1	0	0	1	0	1	0	0	0	0	0
237	2012	456	2386	7078	1701	69.5	693	2535	35.8	33.7	24.0	6.4	4921	0	0	1	0	0	0	0	1	0	0	0	0	0
238	2006	570	340	1522	562	25.6	625	50	3.3	22.3	36.9	37.5	390	0	0	1	0	0	1	1	0	0	0	0	0	0
239	2006	1056	3839	8575	2469	58.9	657	1211	14.1	44.8	28.8	12.3	5050	0	0	1	0	0	0	1	0	0	0	0	0	0
240	2007	482	466	1515	522	33.7	631	45	3.0	30.8	34.5	31.8	511	0	0	1	0	0	1	1	0	0	0	0	0	0
241	2007	661	3648	7701	1828	67.7	667	1564	20.3	47.4	23.7	8.6	5212	0	0	1	0	0	0	1	0	0	0	0	0	0
242	2008	237	607	1357	451	49.3	644	62	4.6	44.7	33.2	17.5	669	0	0	1	0	0	1	1	0	0	0	0	0	0
243	2008	474	3854	7738	1486	74.7	672	1924	24.9	49.8	19.2	6.1	5778	0	0	1	0	0	0	1	0	0	0	0	0	0
244	2009	158	594	1315	485	51.1	650	78	5.9	45.2	36.9	12.0	672	0	0	1	0	0	1	1	0	0	0	0	0	0
245	2009	258	3816	7484	1145	81.3	681	2265	30.3	51.0	15.3	3.4	6081	0	0	1	0	0	0	1	0	0	0	0	0	0
246	2010	372	228	1370	680	23.2	652	90	6.6	16.6	49.6	27.2	318	0	0	1	0	0	1	1	0	0	0	0	0	0
247	2010	610	2266	7307	2356	59.4	681	2075	28.4	31.0	32.2	8.3	4341	0	0	1	0	0	0	1	0	0	0	0	0	0
248	2011	354	346	1424	637	30.4	657	87	6.1	24.3	44.7	24.9	433	0	0	1	0	0	1	1	0	0	0	0	0	0
249	2011	521	2214	7019	1952	64.8	686	2332	33.2	31.5	27.8	7.4	4546	0	0	1	0	0	0	1	0	0	0	0	0	0
250	2012	266	326	1281	587	33.4	658	102	8.0	25.4	45.8	20.8	428	0	0	1	0	0	1	1	0	0	0	0	0	0
251	2012	531	2294	7416	1891	67.3	687	2700	36.4	30.9	25.5	7.2	4994	0	0	1	0	0	0	1	0	0	0	0	0	0
252	2006	675	318	1755	727	20.1	616	35	2.0	18.1	41.4	38.5	353	0	0	1	0	0	1	0	0	0	0	1	0	0
253	2006	1179	3330	8605	3252	48.5	647	844	9.8	38.7	37.8	13.7	4174	0	0	1	0	0	0	0	0	0	0	1	0	0
254	2007	385	357	1514	735	26.0	628	37	2.4	23.6	48.5	25.4	394	0	0	1	0	0	1	0	0	0	0	1	0	0
255	2007	582	3739	8536	2769	60.7	660	1446	16.9	43.8	32.4	6.8	5185	0	0	1	0	0	0	0	0	0	0	1	0	0
256	2008	194	568	1360	541	46.0	643	57	4.2	41.8	39.8	14.3	625	0	0	1	0	0	1	0	0	0	0	1	0	0
257	2008	301	4103	7953	1712	74.7	670	1837	23.1	51.6	21.5	3.8	5940	0	0	1	0	0	0	0	0	0	0	1	0	0
258	2009	62	742	1297	399	64.5	657	94	7.2	57.2	30.8	4.8	836	0	0	1	0	0	1	0	0	0	0	1	0	0
259	2009	99	4433	7776	1088	84.7	679	2156	27.7	57.0	14.0	1.3	6589	0	0	1	0	0	0	0	0	0	0	1	0	0
260	2010	367	284	1357	640	25.8	651	66	4.9	20.9	47.2	27.0	350	0	0	1	0	0	1	0	0	0	0	1	0	0
261	2010	621	2288	7543	2408	59.8	678	2226	29.5	30.3	31.9	8.2	4514	0	0	1	0	0	0	0	0	0	0	1	0	0
262	2011	332	266	1301	597	28.6	654	106	8.1	20.4	45.9	25.5	372	0	0	1	0	0	1	0	0	0	0	1	0	0
263	2011	546	2229	7367	2112	63.9	681	2480	33.7	30.3	28.7	7.4	4709	0	0	1	0	0	0	0	0	0	0	1	0	0
264	2012	378	283	1268	529	28.5	651	78	6.2	22.3	41.7	29.8	361	0	0	1	0	0	1	0	0	0	0	1	0	0
265	2012	645	2069	7265	1872	65.4	683	2679	36.9	28.5	25.8	8.9	4748	0	0	1	0	0	0	0	0	0	0	1	0	0
266	2006	722	315	1730	649	20.8	619	44	2.5	18.2	37.5	41.7	359	0	0	1	0	0	1	0	0	1	0	0	0	0
267	2006	1613	3143	8764	3192	45.2	647	816	9.3	35.9	36.4	18.4	3959	0	0	1	0	0	0	0	0	1	0	0	0	0
268	2007	617	317	1612	641	22.0	625	37	2.3	19.7	39.8	38.3	354	0	0	1	0	0	1	0	0	1	0	0	0	0
269	2007	1318	3406	8592	3041	49.3	651	827	9.6	39.6	35.4	15.3	4233	0	0	1	0	0	0	0	0	1	0	0	0	0
270	2008	261	472	1336	550	39.3	640	53	4.0	35.3	41.2	19.5	525	0	0	1	0	0	1	0	0	1	0	0	0	0
271	2008	740	4074	8538	2572	61.2	660	1152	13.5	47.7	30.1	8.7	5226	0	0	1	0	0	0	0	0	1	0	0	0	0
272	2009	133	634	1333	505	52.1	649	61	4.6	47.6	37.9	10.0	695	0	0	1	0	0	1	0	0	1	0	0	0	0
273	2009	299	4647	8071	1741	74.7	671	1384	17.1	57.6	21.6	3.7	6031	0	0	1	0	0	0	0	0	1	0	0	0	0
274	2010	325	316	1406	696	27.4	657	69	4.9	22.5	49.5	23.1	385	0	0	1	0	0	1	0	0	1	0	0	0	0
275	2010	832	2560	7917	2940	52.4	677	1585	20.0	32.3	37.1	10.5	4145	0	0	1	0	0	0	0	0	1	0	0	0	0
276	2011	314	376	1419	660	31.4	655	69	4.9	26.5	46.5	22.1	445	0	0	1	0	0	1	0	0	1	0	0	0	0
277	2011	658	2880	7643	2390	60.1	679	1715	22.4	37.7	31.3	8.6	4595	0	0	1	0	0	0	0	0	1	0	0	0	0
278	2012	250	351	1322	634	33.1	661	87	6.6	26.6	48.0	18.9	438	0	0	1	0	0	1	0	0	1	0	0	0	0
279	2012	492	2922	7531	2393	61.7	681	1724	22.9	38.8	31.8	6.5	4646	0	0	1	0	0	0	0	0	1	0	0	0	0
280	2006	3442	3302	10997	3724	34.8	633	529	4.8	30.0	33.9	31.3	3831	0	0	1	0	0	1	0	0	0	0	0	1	0
281	2006	5723	21620	49023	13393	61.0	661	8287	16.9	44.1	27.3	11.7	29907	0	0	1	0	0	0	0	0	0	0	0	1	0
282	2007	2443	3887	10536	3620	42.5	642	586	5.6	36.9	34.4	23.2	4473	0	0	1	0	0	1	0	0	0	0	0	1	0
283	2007	3671	22245	47030	11199	68.4	669	9915	21.1	47.3	23.8	7.8	32160	0	0	1	0	0	0	0	0	0	0	0	1	0
284	2008	1226	4744	9425	2791	57.4	653	664	7.0	50.3	29.6	13.0	5408	0	0	1	0	0	1	0	0	0	0	0	1	0
285	2008	2319	23926	45942	8469	76.5	675	11228	24.4	52.1	18.4	5.0	35154	0	0	1	0	0	0	0	0	0	0	0	1	0
286	2009	663	5310	9321	2352	67.7	662	996	10.7	57.0	25.2	7.1	6306	0	0	1	0	0	1	0	0	0	0	0	1	0
287	2009	1174	24216	44793	5725	84.6	684	13678	30.5	54.1	12.8	2.6	37894	0	0	1	0	0	0	0	0	0	0	0	1	0
288	2010	2005	2337	9555	4474	32.2	663	739	7.7	24.5	46.8	21.0	3076	0	0	1	0	0	1	0	0	0	0	0	1	0
289	2010	3561	14420	44051	13755	60.7	685	12315	28.0	32.7	31.2	8.1	26735	0	0	1	0	0	0	0	0	0	0	0	1	0
290	2011	1909	2533	9222	4158	34.2	664	622	6.7	27.5	45.1	20.7	3155	0	0	1	0	0	1	0	0	0	0	0	1	0
291	2011	2972	15807	43638	12183	65.3	687	12676	29.0	36.2	27.9	6.8	28483	0	0	1	0	0	0	0	0	0	0	0	1	0
292	2012	1799	2392	8493	3647	35.9	664	655	7.7	28.2	42.9	21.2	3047	0	0	1	0	0	1	0	0	0	0	0	1	0
293	2012	3041	15894	44187	11577	66.9	689	13675	30.9	36.0	26.2	6.9	29569	0	0	1	0	0	0	0	0	0	0	0	1	0
294	2006	453	1991	3655	764	66.7	662	447	12.2	54.5	20.9	12.4	2438	0	1	0	0	0	1	0	0	0	1	0	0	0
295	2006	603	7728	15509	1385	87.2	690	5793	37.4	49.8	8.9	3.9	13521	0	1	0	0	0	0	0	0	0	1	0	0	0
296	2007	300	2227	3852	649	75.4	672	676	17.5	57.8	16.8	7.8	2903	0	1	0	0	0	1	0	0	0	1	0	0	0
297	2007	379	7488	15469	1081	90.6	696	6521	42.2	48.4	7.0	2.5	14009	0	1	0	0	0	0	0	0	0	1	0	0	0
298	2008	139	2499	3574	446	83.6	676	490	13.7	69.9	12.5	3.9	2989	0	1	0	0	0	1	0	0	0	1	0	0	0
299	2008	241	9297	15581	866	92.9	695	5177	33.2	59.7	5.6	1.5	14474	0	1	0	0	0	0	0	0	0	1	0	0	0
300	2009	66	2821	3818	382	88.3	679	549	14.4	73.9	10.0	1.7	3370	0	1	0	0	0	1	0	0	0	1	0	0	0
301	2009	113	9864	16220	689	95.1	699	5554	34.2	60.8	4.2	0.7	15418	0	1	0	0	0	0	0	0	0	1	0	0	0
302	2010	620	1214	3965	1604	43.9	683	527	13.3	30.6	40.5	15.6	1741	0	1	0	0	0	1	0	0	0	1	0	0	0
303	2010	1069	5627	16118	4534	65.2	699	4888	30.3	34.9	28.1	6.6	10515	0	1	0	0	0	0	0	0	0	1	0	0	0
304	2011	602	1421	3935	1765	39.8	678	147	3.7	36.1	44.9	15.3	1568	0	1	0	0	0	1	0	0	0	1	0	0	0
305	2011	980	8248	16807	4594	66.8	691	2985	17.8	49.1	27.3	5.8	11233	0	1	0	0	0	0	0	0	0	1	0	0	0
306	2012	545	1332	3418	1393	43.3	679	148	4.3	39.0	40.8	15.9	1480	0	1	0	0	0	1	0	0	0	1	0	0	0
307	2012	964	8937	17525	4412	69.3	692	3212	18.3	51.0	25.2	5.5	12149	0	1	0	0	0	0	0	0	0	1	0	0	0
308	2006	481	1189	2578	690	54.6	651	218	8.5	46.1	26.8	18.7	1407	0	1	0	0	0	1	0	0	0	0	0	0	1
309	2006	751	8503	16681	2054	83.2	684	5373	32.2	51.0	12.3	4.5	13876	0	1	0	0	0	0	0	0	0	0	0	0	1
310	2007	427	1652	3195	786	62.0	659	330	10.3	51.7	24.6	13.4	1982	0	1	0	0	0	1	0	0	0	0	0	0	1
311	2007	604	7825	15873	1701	85.5	689	5743	36.2	49.3	10.7	3.8	13568	0	1	0	0	0	0	0	0	0	0	0	0	1
312	2008	308	1739	3082	678	68.0	663	357	11.6	56.4	22.0	10.0	2096	0	1	0	0	0	1	0	0	0	0	0	0	1
313	2008	544	8186	16192	1369	88.2	691	6093	37.6	50.6	8.5	3.4	14279	0	1	0	0	0	0	0	0	0	0	0	0	1
314	2009	216	1826	3065	447	78.4	673	576	18.8	59.6	14.6	7.0	2402	0	1	0	0	0	1	0	0	0	0	0	0	1
315	2009	377	7396	16129	1013	91.4	700	7343	45.5	45.9	6.3	2.3	14739	0	1	0	0	0	0	0	0	0	0	0	0	1
316	2010	407	1174	3532	1580	43.7	670	371	10.5	33.2	44.7	11.5	1545	0	1	0	0	0	1	0	0	0	0	0	0	1
317	2010	645	6053	16861	4383	70.2	695	5780	34.3	35.9	26.0	3.8	11833	0	1	0	0	0	0	0	0	0	0	0	0	1
318	2011	358	1277	3420	1336	50.5	675	449	13.1	37.3	39.1	10.5	1726	0	1	0	0	0	1	0	0	0	0	0	0	1
319	2011	526	6514	16822	3794	74.3	696	5988	35.6	38.7	22.6	3.1	12502	0	1	0	0	0	0	0	0	0	0	0	0	1
320	2012	315	1315	3418	1297	52.8	676	491	14.4	38.5	37.9	9.2	1806	0	1	0	0	0	1	0	0	0	0	0	0	1
321	2012	506	6276	17121	3517	76.5	698	6822	39.8	36.7	20.5	3.0	13098	0	1	0	0	0	0	0	0	0	0	0	0	1
322	2006	570	856	2382	817	41.8	642	139	5.8	35.9	34.3	23.9	995	0	1	0	0	0	1	0	1	0	0	0	0	0
323	2006	1043	8771	17549	3114	76.3	676	4621	26.3	50.0	17.7	5.9	13392	0	1	0	0	0	0	0	1	0	0	0	0	0
324	2007	354	1117	2416	710	56.0	653	235	9.7	46.2	29.4	14.7	1352	0	1	0	0	0	1	0	1	0	0	0	0	0
325	2007	579	8796	17080	2192	83.8	685	5513	32.3	51.5	12.8	3.4	14309	0	1	0	0	0	0	0	1	0	0	0	0	0
326	2008	221	1432	2569	596	68.2	662	320	12.5	55.7	23.2	8.6	1752	0	1	0	0	0	1	0	1	0	0	0	0	0
327	2008	362	8649	16577	1534	88.6	689	6032	36.4	52.2	9.3	2.2	14681	0	1	0	0	0	0	0	1	0	0	0	0	0
328	2009	117	1557	2684	543	75.4	669	467	17.4	58.0	20.2	4.4	2024	0	1	0	0	0	1	0	1	0	0	0	0	0
329	2009	241	7763	16756	1195	91.4	693	7557	45.1	46.3	7.1	1.4	15320	0	1	0	0	0	0	0	1	0	0	0	0	0
330	2010	364	895	2780	1206	43.5	669	315	11.3	32.2	43.4	13.1	1210	0	1	0	0	0	1	0	1	0	0	0	0	0
331	2010	651	6655	16847	4106	71.8	692	5435	32.3	39.5	24.4	3.9	12090	0	1	0	0	0	0	0	1	0	0	0	0	0
332	2011	391	971	2914	1240	44.0	670	312	10.7	33.3	42.6	13.4	1283	0	1	0	0	0	1	0	1	0	0	0	0	0
333	2011	625	7446	17589	3813	74.8	694	5705	32.4	42.3	21.7	3.6	13151	0	1	0	0	0	0	0	1	0	0	0	0	0
334	2012	399	973	2781	1021	48.9	673	388	14.0	35.0	36.7	14.3	1361	0	1	0	0	0	1	0	1	0	0	0	0	0
335	2012	638	6712	17579	3440	76.8	698	6789	38.6	38.2	19.6	3.6	13501	0	1	0	0	0	0	0	1	0	0	0	0	0
336	2006	602	587	1994	690	35.2	633	115	5.8	29.4	34.6	30.2	702	0	1	0	0	0	1	1	0	0	0	0	0	0
337	2006	1494	8555	17466	3997	68.6	666	3420	19.6	49.0	22.9	8.6	11975	0	1	0	0	0	0	1	0	0	0	0	0	0
338	2007	534	808	2217	709	43.9	641	166	7.5	36.4	32.0	24.1	974	0	1	0	0	0	1	1	0	0	0	0	0	0
339	2007	846	8920	17326	2654	79.8	679	4906	28.3	51.5	15.3	4.9	13826	0	1	0	0	0	0	1	0	0	0	0	0	0
340	2008	296	957	2087	624	55.9	651	210	10.1	45.9	29.9	14.2	1167	0	1	0	0	0	1	1	0	0	0	0	0	0
341	2008	606	8577	17112	2114	84.1	683	5815	34.0	50.1	12.4	3.5	14392	0	1	0	0	0	0	1	0	0	0	0	0	0
342	2009	258	1244	2398	644	62.4	658	252	10.5	51.9	26.9	10.8	1496	0	1	0	0	0	1	1	0	0	0	0	0	0
343	2009	369	8639	16965	1728	87.6	687	6229	36.7	50.9	10.2	2.2	14868	0	1	0	0	0	0	1	0	0	0	0	0	0
344	2010	557	528	2443	1167	29.4	657	191	7.8	21.6	47.8	22.8	719	0	1	0	0	0	1	1	0	0	0	0	0	0
345	2010	1050	5717	17435	4793	66.5	686	5875	33.7	32.8	27.5	6.0	11592	0	1	0	0	0	0	1	0	0	0	0	0	0
346	2011	501	701	2472	1045	37.5	663	225	9.1	28.4	42.3	20.3	926	0	1	0	0	0	1	1	0	0	0	0	0	0
347	2011	951	6198	17411	4453	69.0	688	5809	33.4	35.6	25.6	5.5	12007	0	1	0	0	0	0	1	0	0	0	0	0	0
348	2012	533	616	2384	990	36.1	659	245	10.3	25.8	41.5	22.4	861	0	1	0	0	0	1	1	0	0	0	0	0	0
349	2012	946	6031	18308	4157	72.1	691	7174	39.2	32.9	22.7	5.2	13205	0	1	0	0	0	0	1	0	0	0	0	0	0
350	2006	729	571	2354	983	27.3	625	71	3.0	24.3	41.8	31.0	642	0	1	0	0	0	1	0	0	0	0	1	0	0
351	2006	1694	7781	17300	5456	58.7	655	2369	13.7	45.0	31.5	9.8	10150	0	1	0	0	0	0	0	0	0	0	1	0	0
352	2007	427	655	2083	879	37.3	637	122	5.9	31.4	42.2	20.5	777	0	1	0	0	0	1	0	0	0	0	1	0	0
353	2007	1040	8329	17508	4317	69.4	667	3822	21.8	47.6	24.7	5.9	12151	0	1	0	0	0	0	0	0	0	0	1	0	0
354	2008	251	904	2115	780	51.3	649	180	8.5	42.7	36.9	11.9	1084	0	1	0	0	0	1	0	0	0	0	1	0	0
355	2008	473	9207	17584	2870	81.0	677	5034	28.6	52.4	16.3	2.7	14241	0	1	0	0	0	0	0	0	0	0	1	0	0
356	2009	102	1172	2132	650	64.7	658	208	9.8	55.0	30.5	4.8	1380	0	1	0	0	0	1	0	0	0	0	1	0	0
357	2009	154	9655	17457	1621	89.8	685	6027	34.5	55.3	9.3	0.9	15682	0	1	0	0	0	0	0	0	0	0	1	0	0
358	2010	559	561	2459	1089	33.0	656	250	10.2	22.8	44.3	22.7	811	0	1	0	0	0	1	0	0	0	0	1	0	0
359	2010	1088	5489	17410	4845	65.9	682	5988	34.4	31.5	27.8	6.2	11477	0	1	0	0	0	0	0	0	0	0	1	0	0
360	2011	478	577	2452	1130	34.4	658	267	10.9	23.5	46.1	19.5	844	0	1	0	0	0	1	0	0	0	0	1	0	0
361	2011	1024	5916	17757	4684	67.9	683	6133	34.5	33.3	26.4	5.8	12049	0	1	0	0	0	0	0	0	0	0	1	0	0
362	2012	436	540	2176	947	36.4	660	253	11.6	24.8	43.5	20.0	793	0	1	0	0	0	1	0	0	0	0	1	0	0
363	2012	1048	5842	17755	4303	69.9	685	6562	37.0	32.9	24.2	5.9	12404	0	1	0	0	0	0	0	0	0	0	1	0	0
364	2006	869	625	2525	947	28.1	628	84	3.3	24.8	37.5	34.4	709	0	1	0	0	0	1	0	0	1	0	0	0	0
365	2006	2583	6496	17054	5835	50.6	652	2140	12.5	38.1	34.2	15.1	8636	0	1	0	0	0	0	0	0	1	0	0	0	0
366	2007	623	713	2351	903	35.1	637	112	4.8	30.3	38.4	26.5	825	0	1	0	0	0	1	0	0	1	0	0	0	0
367	2007	1819	7684	17453	5284	59.3	661	2666	15.3	44.0	30.3	10.4	10350	0	1	0	0	0	0	0	0	1	0	0	0	0
368	2008	297	890	2072	717	51.1	650	168	8.1	43.0	34.6	14.3	1058	0	1	0	0	0	1	0	0	1	0	0	0	0
369	2008	1006	8933	17552	4017	71.4	670	3596	20.5	50.9	22.9	5.7	12529	0	1	0	0	0	0	0	0	1	0	0	0	0
370	2009	200	1177	2239	691	60.2	657	171	7.6	52.6	30.9	8.9	1348	0	1	0	0	0	1	0	0	1	0	0	0	0
371	2009	393	10296	17819	2921	81.4	679	4209	23.6	57.8	16.4	2.2	14505	0	1	0	0	0	0	0	0	1	0	0	0	0
372	2010	480	541	2331	1084	32.9	663	226	9.7	23.2	46.5	20.6	767	0	1	0	0	0	1	0	0	1	0	0	0	0
373	2010	1280	6031	17958	5950	59.7	684	4697	26.2	33.6	33.1	7.1	10728	0	1	0	0	0	0	0	0	1	0	0	0	0
374	2011	435	801	2577	1089	40.9	664	252	9.8	31.1	42.3	16.9	1053	0	1	0	0	0	1	0	0	1	0	0	0	0
375	2011	1080	6968	17637	5163	64.6	683	4426	25.1	39.5	29.3	6.1	11394	0	1	0	0	0	0	0	0	1	0	0	0	0
376	2012	310	859	2377	1002	44.8	668	206	8.7	36.1	42.2	13.0	1065	0	1	0	0	0	1	0	0	1	0	0	0	0
377	2012	840	7299	17959	5144	66.7	685	4676	26.0	40.6	28.6	4.7	11975	0	1	0	0	0	0	0	0	1	0	0	0	0
378	2006	3704	5819	15488	4891	44.5	642	1074	6.9	37.6	31.6	23.9	6893	0	1	0	0	0	1	0	0	0	0	0	1	0
379	2006	8168	47834	101559	21841	70.5	670	23716	23.4	47.1	21.5	8.0	71550	0	1	0	0	0	0	0	0	0	0	0	1	0
380	2007	2665	7172	16114	4636	54.7	653	1641	10.2	44.5	28.8	16.5	8813	0	1	0	0	0	1	0	0	0	0	0	1	0
381	2007	5267	49042	100709	17229	77.7	679	29171	29.0	48.7	17.1	5.2	78213	0	1	0	0	0	0	0	0	0	0	0	1	0
382	2008	1512	8421	15499	3841	65.5	661	1725	11.1	54.3	24.8	9.8	10146	0	1	0	0	0	1	0	0	0	0	0	1	0
383	2008	3232	52849	100598	12770	84.1	684	31747	31.6	52.5	12.7	3.2	84596	0	1	0	0	0	0	0	0	0	0	0	1	0
384	2009	959	9797	16336	3357	73.6	668	2223	13.6	60.0	20.5	5.9	12020	0	1	0	0	0	1	0	0	0	0	0	1	0
385	2009	1647	53613	101346	9167	89.3	690	36919	36.4	52.9	9.0	1.6	90532	0	1	0	0	0	0	0	0	0	0	0	1	0
386	2010	2987	4913	17510	7730	38.8	668	1880	10.7	28.1	44.1	17.1	6793	0	1	0	0	0	1	0	0	0	0	0	1	0
387	2010	5783	35572	102629	28611	66.5	689	32663	31.8	34.7	27.9	5.6	68235	0	1	0	0	0	0	0	0	0	0	0	1	0
388	2011	2765	5748	17770	7605	41.6	669	1652	9.3	32.3	42.8	15.6	7400	0	1	0	0	0	1	0	0	0	0	0	1	0
389	2011	5186	41290	104023	26501	69.5	689	31046	29.8	39.7	25.5	5.0	72336	0	1	0	0	0	0	0	0	0	0	0	1	0
390	2012	2538	5635	16554	6650	44.5	670	1731	10.5	34.0	40.2	15.3	7366	0	1	0	0	0	1	0	0	0	0	0	1	0
391	2012	4942	41097	106247	24973	71.8	692	35235	33.2	38.7	23.5	4.7	76332	0	1	0	0	0	0	0	0	0	0	0	1	0
392	2006	71	186	383	99	55.6	651	27	7.0	48.6	25.8	18.5	213	0	0	0	1	0	1	0	0	0	1	0	0	0
393	2006	217	1905	3922	368	85.1	687	1432	36.5	48.6	9.4	5.5	3337	0	0	0	1	0	0	0	0	0	1	0	0	0
394	2007	41	189	341	80	64.5	661	31	9.1	55.4	23.5	12.0	220	0	0	0	1	0	1	0	0	0	1	0	0	0
395	2007	135	2069	4024	298	89.2	693	1522	37.8	51.4	7.4	3.4	3591	0	0	0	1	0	0	0	0	0	1	0	0	0
396	2008	20	231	347	59	77.2	670	37	10.7	66.6	17.0	5.8	268	0	0	0	1	0	1	0	0	0	1	0	0	0
397	2008	80	2440	4028	274	91.2	693	1234	30.6	60.6	6.8	2.0	3674	0	0	0	1	0	0	0	0	0	1	0	0	0
398	2009	8	296	386	43	86.8	675	39	10.1	76.7	11.1	2.1	335	0	0	0	1	0	1	0	0	0	1	0	0	0
399	2009	46	2575	4133	215	93.7	696	1297	31.4	62.3	5.2	1.1	3872	0	0	0	1	0	0	0	0	0	1	0	0	0
400	2010	72	100	367	171	33.8	676	24	6.5	27.2	46.6	19.6	124	0	0	0	1	0	1	0	0	0	1	0	0	0
401	2010	312	1446	4049	1115	64.8	697	1176	29.0	35.7	27.5	7.7	2622	0	0	0	1	0	0	0	0	0	1	0	0	0
402	2011	87	105	354	156	31.4	674	6	1.7	29.7	44.1	24.6	111	0	0	0	1	0	1	0	0	0	1	0	0	0
403	2011	319	2242	4367	1175	65.8	689	631	14.4	51.3	26.9	7.3	2873	0	0	0	1	0	0	0	0	0	1	0	0	0
404	2012	68	110	348	158	35.1	677	12	3.4	31.6	45.4	19.5	122	0	0	0	1	0	1	0	0	0	1	0	0	0
405	2012	317	2343	4483	1169	66.9	690	654	14.6	52.3	26.1	7.1	2997	0	0	0	1	0	0	0	0	0	1	0	0	0
406	2006	56	111	242	66	49.6	644	9	3.7	45.9	27.3	23.1	120	0	0	0	1	0	1	0	0	0	0	0	0	1
407	2006	187	2114	4034	487	83.3	683	1246	30.9	52.4	12.1	4.6	3360	0	0	0	1	0	0	0	0	0	0	0	0	1
408	2007	56	162	349	117	50.4	649	14	4.0	46.4	33.5	16.0	176	0	0	0	1	0	1	0	0	0	0	0	0	1
409	2007	177	2071	3965	454	84.1	685	1263	31.9	52.2	11.5	4.5	3334	0	0	0	1	0	0	0	0	0	0	0	0	1
410	2008	32	141	263	69	61.6	657	21	8.0	53.6	26.2	12.2	162	0	0	0	1	0	1	0	0	0	0	0	0	1
411	2008	143	2183	4043	377	87.1	688	1340	33.1	54.0	9.3	3.5	3523	0	0	0	1	0	0	0	0	0	0	0	0	1
412	2009	30	145	278	64	66.2	664	39	14.0	52.2	23.0	10.8	184	0	0	0	1	0	1	0	0	0	0	0	0	1
413	2009	130	1933	4105	284	89.9	696	1758	42.8	47.1	6.9	3.2	3691	0	0	0	1	0	0	0	0	0	0	0	0	1
414	2010	47	88	332	173	33.7	665	24	7.2	26.5	52.1	14.2	112	0	0	0	1	0	1	0	0	0	0	0	0	1
415	2010	200	1568	4198	1181	67.1	691	1249	29.8	37.4	28.1	4.8	2817	0	0	0	1	0	0	0	0	0	0	0	0	1
416	2011	44	91	303	143	38.3	667	25	8.3	30.0	47.2	14.5	116	0	0	0	1	0	1	0	0	0	0	0	0	1
417	2011	171	1670	4122	920	73.5	694	1361	33.0	40.5	22.3	4.1	3031	0	0	0	1	0	0	0	0	0	0	0	0	1
418	2012	51	103	320	144	39.1	666	22	6.9	32.2	45.0	15.9	125	0	0	0	1	0	1	0	0	0	0	0	0	1
419	2012	173	1732	4314	879	75.6	696	1530	35.5	40.1	20.4	4.0	3262	0	0	0	1	0	0	0	0	0	0	0	0	1
420	2006	45	77	211	73	44.1	643	16	7.6	36.5	34.6	21.3	93	0	0	0	1	0	1	0	1	0	0	0	0	0
421	2006	271	2111	4124	711	76.2	674	1031	25.0	51.2	17.2	6.6	3142	0	0	0	1	0	0	0	1	0	0	0	0	0
422	2007	44	106	248	78	50.8	649	20	8.1	42.7	31.5	17.7	126	0	0	0	1	0	1	0	1	0	0	0	0	0
423	2007	133	2294	4141	515	84.4	682	1199	29.0	55.4	12.4	3.2	3493	0	0	0	1	0	0	0	1	0	0	0	0	0
424	2008	31	131	268	85	56.7	653	21	7.8	48.9	31.7	11.6	152	0	0	0	1	0	1	0	1	0	0	0	0	0
425	2008	97	2182	4085	373	88.5	688	1433	35.1	53.4	9.1	2.4	3615	0	0	0	1	0	0	0	1	0	0	0	0	0
426	2009	8	156	243	49	76.5	668	30	12.3	64.2	20.2	3.3	186	0	0	0	1	0	1	0	1	0	0	0	0	0
427	2009	57	1977	4114	268	92.1	693	1812	44.0	48.1	6.5	1.4	3789	0	0	0	1	0	0	0	1	0	0	0	0	0
428	2010	34	81	236	103	41.9	667	18	7.6	34.3	43.6	14.4	99	0	0	0	1	0	1	0	1	0	0	0	0	0
429	2010	191	1678	4177	1080	69.6	690	1228	29.4	40.2	25.9	4.6	2906	0	0	0	1	0	0	0	1	0	0	0	0	0
430	2011	39	77	244	117	36.1	666	11	4.5	31.6	48.0	16.0	88	0	0	0	1	0	1	0	1	0	0	0	0	0
431	2011	145	1933	4278	966	74.0	692	1234	28.8	45.2	22.6	3.4	3167	0	0	0	1	0	0	0	1	0	0	0	0	0
432	2012	38	85	247	108	40.9	669	16	6.5	34.4	43.7	15.4	101	0	0	0	1	0	1	0	1	0	0	0	0	0
433	2012	177	1677	4175	870	74.9	695	1451	34.8	40.2	20.8	4.2	3128	0	0	0	1	0	0	0	1	0	0	0	0	0
434	2006	73	32	164	56	21.3	617	3	1.8	19.5	34.1	44.5	35	0	0	0	1	0	1	1	0	0	0	0	0	0
435	2006	488	1917	4067	1077	61.5	657	585	14.4	47.1	26.5	12.0	2502	0	0	0	1	0	0	1	0	0	0	0	0	0
436	2007	49	49	164	60	33.5	633	6	3.7	29.9	36.6	29.9	55	0	0	0	1	0	1	1	0	0	0	0	0	0
437	2007	341	2099	3969	822	70.7	667	707	17.8	52.9	20.7	8.6	2806	0	0	0	1	0	0	1	0	0	0	0	0	0
438	2008	41	71	190	78	37.4	635	0	0.0	37.4	41.1	21.6	71	0	0	0	1	0	1	1	0	0	0	0	0	0
439	2008	188	2103	4037	619	80.0	676	1127	27.9	52.1	15.3	4.7	3230	0	0	0	1	0	0	1	0	0	0	0	0	0
440	2009	45	88	223	85	41.7	640	5	2.2	39.5	38.1	20.2	93	0	0	0	1	0	1	1	0	0	0	0	0	0
441	2009	119	2146	4037	543	83.6	682	1229	30.4	53.2	13.5	2.9	3375	0	0	0	1	0	0	1	0	0	0	0	0	0
442	2010	64	28	200	100	18.0	648	8	4.0	14.0	50.0	32.0	36	0	0	0	1	0	1	1	0	0	0	0	0	0
443	2010	309	1376	4045	1241	61.7	681	1119	27.7	34.0	30.7	7.6	2495	0	0	0	1	0	0	1	0	0	0	0	0	0
444	2011	53	29	196	107	18.4	654	7	3.6	14.8	54.6	27.0	36	0	0	0	1	0	1	1	0	0	0	0	0	0
445	2011	268	1454	4029	1144	65.0	684	1163	28.9	36.1	28.4	6.7	2617	0	0	0	1	0	0	1	0	0	0	0	0	0
446	2012	68	30	184	77	21.2	647	9	4.9	16.3	41.8	37.0	39	0	0	0	1	0	1	1	0	0	0	0	0	0
447	2012	332	1397	4118	998	67.7	685	1391	33.8	33.9	24.2	8.1	2788	0	0	0	1	0	0	1	0	0	0	0	0	0
448	2006	69	41	195	82	22.6	619	3	1.5	21.0	42.1	35.4	44	0	0	0	1	0	1	0	0	0	0	1	0	0
449	2006	443	1890	4067	1295	57.3	653	439	10.8	46.5	31.8	10.9	2329	0	0	0	1	0	0	0	0	0	0	1	0	0
450	2007	45	45	168	74	29.2	627	4	2.4	26.8	44.0	26.8	49	0	0	0	1	0	1	0	0	0	0	1	0	0
451	2007	282	1940	4132	1142	65.5	663	768	18.6	47.0	27.6	6.8	2708	0	0	0	1	0	0	0	0	0	0	1	0	0
452	2008	21	55	150	70	39.3	641	4	2.7	36.7	46.7	14.0	59	0	0	0	1	0	1	0	0	0	0	1	0	0
453	2008	126	2157	4103	781	77.9	673	1039	25.3	52.6	19.0	3.1	3196	0	0	0	1	0	0	0	0	0	0	1	0	0
454	2009	10	100	199	85	52.3	650	4	2.0	50.3	42.7	5.0	104	0	0	0	1	0	1	0	0	0	0	1	0	0
455	2009	49	2444	4138	485	87.1	679	1160	28.0	59.1	11.7	1.2	3604	0	0	0	1	0	0	0	0	0	0	1	0	0
456	2010	65	37	217	109	19.8	646	6	2.8	17.1	50.2	30.0	43	0	0	0	1	0	1	0	0	0	0	1	0	0
457	2010	283	1339	4043	1260	61.8	677	1161	28.7	33.1	31.2	7.0	2500	0	0	0	1	0	0	0	0	0	0	1	0	0
458	2011	50	40	186	89	25.3	651	7	3.8	21.5	47.8	26.9	47	0	0	0	1	0	1	0	0	0	0	1	0	0
459	2011	277	1418	4089	1077	66.9	680	1317	32.2	34.7	26.3	6.8	2735	0	0	0	1	0	0	0	0	0	0	1	0	0
460	2012	48	26	145	64	22.8	649	7	4.8	17.9	44.1	33.1	33	0	0	0	1	0	1	0	0	0	0	1	0	0
461	2012	296	1361	4012	1041	66.7	680	1314	32.8	33.9	25.9	7.4	2675	0	0	0	1	0	0	0	0	0	0	1	0	0
462	2006	64	31	160	61	21.9	619	4	2.5	19.4	38.1	40.0	35	0	0	0	1	0	1	0	0	1	0	0	0	0
463	2006	673	1764	4312	1505	49.5	649	370	8.6	40.9	34.9	15.6	2134	0	0	0	1	0	0	0	0	1	0	0	0	0
464	2007	82	42	210	85	20.5	621	1	0.5	20.0	40.5	39.0	43	0	0	0	1	0	1	0	0	1	0	0	0	0
465	2007	534	1856	4170	1310	55.8	655	470	11.3	44.5	31.4	12.8	2326	0	0	0	1	0	0	0	0	1	0	0	0	0
466	2008	39	57	171	68	37.4	638	7	4.1	33.3	39.8	22.8	64	0	0	0	1	0	1	0	0	1	0	0	0	0
467	2008	295	2069	4129	1064	67.1	666	701	17.0	50.1	25.8	7.1	2770	0	0	0	1	0	0	0	0	1	0	0	0	0
468	2009	17	74	163	71	46.0	646	1	0.6	45.4	43.6	10.4	75	0	0	0	1	0	1	0	0	1	0	0	0	0
469	2009	117	2430	4142	852	76.6	673	743	17.9	58.7	20.6	2.8	3173	0	0	0	1	0	0	0	0	1	0	0	0	0
470	2010	56	28	202	112	16.8	652	6	3.0	13.9	55.4	27.7	34	0	0	0	1	0	1	0	0	1	0	0	0	0
471	2010	403	1394	4210	1563	53.3	678	850	20.2	33.1	37.1	9.6	2244	0	0	0	1	0	0	0	0	1	0	0	0	0
472	2011	76	37	208	87	21.6	643	8	3.8	17.8	41.8	36.5	45	0	0	0	1	0	1	0	0	1	0	0	0	0
473	2011	328	1773	4144	1354	59.4	678	689	16.6	42.8	32.7	7.9	2462	0	0	0	1	0	0	0	0	1	0	0	0	0
474	2012	46	34	179	88	25.1	655	11	6.1	19.0	49.2	25.7	45	0	0	0	1	0	1	0	0	1	0	0	0	0
475	2012	237	1738	4101	1405	60.0	679	721	17.6	42.4	34.3	5.8	2459	0	0	0	1	0	0	0	0	1	0	0	0	0
476	2006	378	478	1355	437	39.9	636	62	4.6	35.3	32.3	27.9	540	0	0	0	1	0	1	0	0	0	0	0	1	0
477	2006	2279	11701	24526	5443	68.5	667	5103	20.8	47.7	22.2	9.3	16804	0	0	0	1	0	0	0	0	0	0	0	1	0
478	2007	317	593	1480	494	45.2	644	76	5.1	40.1	33.4	21.4	669	0	0	0	1	0	1	0	0	0	0	0	1	0
479	2007	1602	12329	24401	4541	74.8	674	5929	24.3	50.5	18.6	6.6	18258	0	0	0	1	0	0	0	0	0	0	0	1	0
480	2008	184	686	1389	429	55.9	652	90	6.5	49.4	30.9	13.2	776	0	0	0	1	0	1	0	0	0	0	0	1	0
481	2008	929	13134	24425	3488	81.9	681	6874	28.1	53.8	14.3	3.8	20008	0	0	0	1	0	0	0	0	0	0	0	1	0
482	2009	118	859	1492	397	65.5	660	118	7.9	57.6	26.6	7.9	977	0	0	0	1	0	1	0	0	0	0	0	1	0
483	2009	518	13505	24669	2647	87.2	686	7999	32.4	54.7	10.7	2.1	21504	0	0	0	1	0	0	0	0	0	0	0	1	0
484	2010	338	362	1554	768	28.8	661	86	5.5	23.3	49.4	21.8	448	0	0	0	1	0	1	0	0	0	0	0	1	0
485	2010	1698	8801	24722	7440	63.0	685	6783	27.4	35.6	30.1	6.9	15584	0	0	0	1	0	0	0	0	0	0	0	1	0
486	2011	349	379	1491	699	29.7	661	64	4.3	25.4	46.9	23.4	443	0	0	0	1	0	1	0	0	0	0	0	1	0
487	2011	1508	10490	25029	6636	67.5	686	6395	25.6	41.9	26.5	6.0	16885	0	0	0	1	0	0	0	0	0	0	0	1	0
488	2012	319	388	1423	639	32.7	664	77	5.4	27.3	44.9	22.4	465	0	0	0	1	0	1	0	0	0	0	0	1	0
489	2012	1532	10248	25203	6362	68.7	688	7061	28.0	40.7	25.2	6.1	17309	0	0	0	1	0	0	0	0	0	0	0	1	0
