year	borough	num_level_1	num_level_3	demographic	number_tested	num_level_2	pct_level_3_and_4	mean_scale_score	num_level_4	pct_level_4	pct_level_3	pct_level_2	grade	pct_level_1	num_level_3_and_4
2006	BRONX	876	1639	ELL	3754	1037	49	645	202	5.4	43.7	27.6	3	23.3	1841
2006	BRONX	1186	6979	EP	12691	2220	73.2	669	2306	18.2	55	17.5	3	9.3	9285
2007	BRONX	489	1953	ELL	3726	908	62.5	659	376	10.1	52.4	24.4	3	13.1	2329
2007	BRONX	756	7043	EP	12463	1732	80	678	2932	23.5	56.5	13.9	3	6.1	9975
2008	BRONX	205	2242	ELL	3311	620	75.1	666	244	7.4	67.7	18.7	3	6.2	2486
2008	BRONX	465	8205	EP	12325	1441	84.5	680	2214	18	66.6	11.7	3	3.8	10419
2009	BRONX	95	2417	ELL	3370	523	81.7	672	335	9.9	71.7	15.5	3	2.8	2752
2009	BRONX	163	8878	EP	12439	1043	90.3	684	2355	18.9	71.4	8.4	3	1.3	11233
2010	BRONX	975	839	ELL	3696	1642	29.2	673	240	6.5	22.7	44.4	3	26.4	1079
2010	BRONX	1663	3790	EP	12170	4695	47.8	686	2022	16.6	31.1	38.6	3	13.7	5812
2011	BRONX	936	856	ELL	3518	1666	26	671	60	1.7	24.3	47.4	3	26.6	916
2011	BRONX	1630	4897	EP	12302	4962	46.4	681	813	6.6	39.8	40.3	3	13.2	5710
2012	BRONX	957	847	ELL	3366	1501	27	671	61	1.8	25.2	44.6	3	28.4	908
2012	BRONX	1734	5124	EP	12697	4932	47.5	682	907	7.1	40.4	38.8	3	13.7	6031
2006	BRONX	899	1033	ELL	3004	983	37.4	635	89	3	34.4	32.7	4	29.9	1122
2006	BRONX	1313	6669	EP	12794	2942	66.7	664	1870	14.6	52.1	23	4	10.3	8539
2007	BRONX	778	1392	ELL	3408	1092	45.1	644	146	4.3	40.8	32	4	22.8	1538
2007	BRONX	1128	6810	EP	12658	2683	69.9	667	2037	16.1	53.8	21.2	4	8.9	8847
2008	BRONX	469	1735	ELL	3223	865	58.6	653	154	4.8	53.8	26.8	4	14.6	1889
2008	BRONX	935	7275	EP	12522	2078	75.9	671	2234	17.8	58.1	16.6	4	7.5	9509
2009	BRONX	328	1775	ELL	3084	639	68.6	664	342	11.1	57.6	20.7	4	10.6	2117
2009	BRONX	703	6856	EP	12447	1549	81.9	681	3339	26.8	55.1	12.4	4	5.6	10195
2010	BRONX	583	799	ELL	3312	1733	30.1	661	197	5.9	24.1	52.3	4	17.6	996
2010	BRONX	941	4433	EP	12594	5247	50.9	677	1973	15.7	35.2	41.7	4	7.5	6406
2011	BRONX	629	961	ELL	3469	1742	31.7	661	137	3.9	27.7	50.2	4	18.1	1098
2011	BRONX	902	4839	EP	12443	4657	55.3	679	2045	16.4	38.9	37.4	4	7.2	6884
2012	BRONX	632	908	ELL	3280	1510	34.7	662	230	7	27.7	46	4	19.3	1138
2012	BRONX	820	4658	EP	12093	4242	58.1	681	2373	19.6	38.5	35.1	4	6.8	7031
2006	BRONX	1019	714	ELL	2904	1127	26.1	628	44	1.5	24.6	38.8	5	35.1	758
2006	BRONX	1956	5984	EP	13489	4413	52.8	651	1136	8.4	44.4	32.7	5	14.5	7120
2007	BRONX	787	942	ELL	2946	1145	34.4	635	72	2.4	32	38.9	5	26.7	1014
2007	BRONX	1173	6860	EP	13314	3736	63.1	661	1545	11.6	51.5	28.1	5	8.8	8405
2008	BRONX	434	1341	ELL	2774	882	52.6	647	117	4.2	48.3	31.8	5	15.6	1458
2008	BRONX	802	7616	EP	12988	2563	74.1	668	2007	15.5	58.6	19.7	5	6.2	9623
2009	BRONX	243	1632	ELL	2927	776	65.2	658	276	9.4	55.8	26.5	5	8.3	1908
2009	BRONX	421	7158	EP	12572	1816	82.2	677	3177	25.3	56.9	14.4	5	3.3	10335
2010	BRONX	604	704	ELL	3009	1553	28.3	658	148	4.9	23.4	51.6	5	20.1	852
2010	BRONX	1115	4627	EP	12511	4773	52.9	676	1996	16	37	38.2	5	8.9	6623
2011	BRONX	676	734	ELL	2999	1501	27.4	658	88	2.9	24.5	50.1	5	22.5	822
2011	BRONX	885	5382	EP	12707	4590	56.9	679	1850	14.6	42.4	36.1	5	7	7232
2012	BRONX	716	769	ELL	3066	1408	30.7	658	173	5.6	25.1	45.9	5	23.4	942
2012	BRONX	1145	4875	EP	12658	4125	58.4	680	2513	19.9	38.5	32.6	5	9	7388
2006	BRONX	1266	367	ELL	2486	834	15.5	611	19	0.8	14.8	33.5	6	50.9	386
2006	BRONX	2829	5100	EP	13345	4764	43.1	641	652	4.9	38.2	35.7	6	21.2	5752
2007	BRONX	966	631	ELL	2644	999	25.7	625	48	1.8	23.9	37.8	6	36.5	679
2007	BRONX	1896	5885	EP	12978	4129	53.6	651	1068	8.2	45.3	31.8	6	14.6	6953
2008	BRONX	539	912	ELL	2468	947	39.8	637	70	2.8	37	38.4	6	21.8	982
2008	BRONX	1298	6629	EP	12907	3460	63.1	657	1520	11.8	51.4	26.8	6	10.1	8149
2009	BRONX	405	1177	ELL	2556	873	50	647	101	4	46	34.2	6	15.8	1278
2009	BRONX	826	7208	EP	12884	2983	70.4	666	1867	14.5	55.9	23.2	6	6.4	9075
2010	BRONX	883	399	ELL	2694	1337	17.6	645	75	2.8	14.8	49.6	6	32.8	474
2010	BRONX	1697	3851	EP	12714	5235	45.5	669	1931	15.2	30.3	41.2	6	13.3	5782
2011	BRONX	835	563	ELL	2830	1352	22.7	651	80	2.8	19.9	47.8	6	29.5	643
2011	BRONX	1696	4208	EP	12563	4961	47	670	1698	13.5	33.5	39.5	6	13.5	5906
2012	BRONX	759	507	ELL	2558	1190	23.8	648	102	4	19.8	46.5	6	29.7	609
2012	BRONX	1585	4261	EP	12990	4821	50.7	672	2323	17.9	32.8	37.1	6	12.2	6584
2006	BRONX	1236	343	ELL	2795	1202	12.8	609	14	0.5	12.3	43	7	44.2	357
2006	BRONX	2956	4383	EP	13860	6171	34.1	633	350	2.5	31.6	44.5	7	21.3	4733
2007	BRONX	873	480	ELL	2593	1218	19.4	620	22	0.8	18.5	47	7	33.7	502
2007	BRONX	1698	5454	EP	13613	5528	46.9	646	933	6.9	40.1	40.6	7	12.5	6387
2008	BRONX	418	889	ELL	2464	1121	37.5	636	36	1.5	36.1	45.5	7	17	925
2008	BRONX	933	6958	EP	13567	4425	60.5	655	1251	9.2	51.3	32.6	7	6.9	8209
2009	BRONX	182	1222	ELL	2453	995	52	648	54	2.2	49.8	40.6	7	7.4	1276
2009	BRONX	317	8329	EP	13158	2938	75.3	665	1574	12	63.3	22.3	7	2.4	9903
2010	BRONX	883	411	ELL	2609	1253	18.1	643	62	2.4	15.8	48	7	33.8	473
2010	BRONX	1897	3850	EP	12945	5473	43.1	663	1725	13.3	29.7	42.3	7	14.7	5575
2011	BRONX	879	439	ELL	2657	1261	19.5	646	78	2.9	16.5	47.5	7	33.1	517
2011	BRONX	1654	4037	EP	12798	5267	45.9	666	1840	14.4	31.5	41.2	7	12.9	5877
2012	BRONX	915	469	ELL	2739	1273	20.1	646	82	3	17.1	46.5	7	33.4	551
2012	BRONX	1731	4008	EP	12645	4963	47.1	666	1943	15.4	31.7	39.2	7	13.7	5951
2006	BRONX	1443	359	ELL	2924	1112	12.6	610	10	0.3	12.3	38	8	49.4	369
2006	BRONX	4105	3515	EP	13814	5830	28.1	630	364	2.6	25.4	42.2	8	29.7	3879
2007	BRONX	1208	447	ELL	2861	1191	16.1	619	15	0.5	15.6	41.6	8	42.2	462
2007	BRONX	3292	4332	EP	13868	5762	34.7	638	482	3.5	31.2	41.5	8	23.7	4814
2008	BRONX	508	733	ELL	2225	945	34.7	635	39	1.8	32.9	42.5	8	22.8	772
2008	BRONX	1902	5801	EP	13587	5053	48.8	648	831	6.1	42.7	37.2	8	14	6632
2009	BRONX	277	1182	ELL	2524	1019	48.7	646	46	1.8	46.8	40.4	8	11	1228
2009	BRONX	747	7602	EP	13530	3994	65	661	1187	8.8	56.2	29.5	8	5.5	8789
2010	BRONX	828	396	ELL	2637	1373	16.5	649	40	1.5	15	52.1	8	31.4	436
2010	BRONX	2385	3313	EP	13262	6392	33.8	663	1172	8.8	25	48.2	8	18	4485
2011	BRONX	798	579	ELL	2724	1310	22.6	648	37	1.4	21.3	48.1	8	29.3	616
2011	BRONX	1872	4391	EP	13029	5685	42	665	1081	8.3	33.7	43.6	8	14.4	5472
2012	BRONX	659	627	ELL	2631	1277	26.4	654	68	2.6	23.8	48.5	8	25	695
2012	BRONX	1422	4568	EP	12725	5541	45.3	669	1194	9.4	35.9	43.5	8	11.2	5762
2006	BRONX	6739	4455	ELL	17867	6295	27	624	378	2.1	24.9	35.2	All Grades	37.7	4833
2006	BRONX	14345	32630	EP	79993	26340	49.1	647	6678	8.3	40.8	32.9	All Grades	17.9	39308
2007	BRONX	5101	5845	ELL	18178	6553	35.9	636	679	3.7	32.2	36	All Grades	28.1	6524
2007	BRONX	9943	36384	EP	78894	23570	57.5	656	8997	11.4	46.1	29.9	All Grades	12.6	45381
2008	BRONX	2573	7852	ELL	16465	5380	51.7	647	660	4	47.7	32.7	All Grades	15.6	8512
2008	BRONX	6335	42484	EP	77896	19020	67.5	663	10057	12.9	54.5	24.4	All Grades	8.1	52541
2009	BRONX	1530	9405	ELL	16914	4825	62.4	657	1154	6.8	55.6	28.5	All Grades	9	10559
2009	BRONX	3177	46031	EP	77030	14323	77.3	672	13499	17.5	59.8	18.6	All Grades	4.1	59530
2010	BRONX	4756	3548	ELL	17957	8891	24	656	762	4.2	19.8	49.5	All Grades	26.5	4310
2010	BRONX	9698	23864	EP	76196	31815	45.5	672	10819	14.2	31.3	41.8	All Grades	12.7	34683
2011	BRONX	4753	4132	ELL	18197	8832	25.3	657	480	2.6	22.7	48.5	All Grades	26.1	4612
2011	BRONX	8639	27754	EP	75842	30122	48.9	673	9327	12.3	36.6	39.7	All Grades	11.4	37081
2012	BRONX	4638	4127	ELL	17640	8159	27.5	657	716	4.1	23.4	46.3	All Grades	26.3	4843
2012	BRONX	8437	27494	EP	75808	28624	51.1	675	11253	14.8	36.3	37.8	All Grades	11.1	38747
2006	BROOKLYN	551	1826	ELL	3590	856	60.8	656	357	9.9	50.9	23.8	3	15.3	2183
2006	BROOKLYN	1472	9994	EP	19463	2786	78.1	677	5211	26.8	51.3	14.3	3	7.6	15205
2007	BROOKLYN	358	1929	ELL	3550	658	71.4	668	605	17	54.3	18.5	3	10.1	2534
2007	BROOKLYN	880	9993	EP	19211	2205	83.9	686	6133	31.9	52	11.5	3	4.6	16126
2008	BROOKLYN	171	2266	ELL	3379	512	79.8	673	430	12.7	67.1	15.2	3	5.1	2696
2008	BROOKLYN	565	11544	EP	18503	1622	88.2	687	4772	25.8	62.4	8.8	3	3.1	16316
2009	BROOKLYN	92	2470	ELL	3460	416	85.3	677	482	13.9	71.4	12	3	2.7	2952
2009	BROOKLYN	215	11990	EP	18358	1179	92.4	692	4974	27.1	65.3	6.4	3	1.2	16964
2010	BROOKLYN	746	986	ELL	3661	1466	39.6	680	463	12.6	26.9	40	3	20.4	1449
2010	BROOKLYN	2015	6053	EP	18407	6035	56.3	692	4304	23.4	32.9	32.8	3	10.9	10357
2011	BROOKLYN	756	1208	ELL	3575	1458	38.1	675	153	4.3	33.8	40.8	3	21.1	1361
2011	BROOKLYN	1857	8264	EP	18613	5997	57.8	686	2495	13.4	44.4	32.2	3	10	10759
2012	BROOKLYN	716	1251	ELL	3449	1301	41.5	677	181	5.2	36.3	37.7	3	20.8	1432
2012	BROOKLYN	1799	8559	EP	18707	5798	59.4	688	2551	13.6	45.8	31	3	9.6	11110
2006	BROOKLYN	616	1093	ELL	2591	698	49.3	645	184	7.1	42.2	26.9	4	23.8	1277
2006	BROOKLYN	1663	10115	EP	20003	3559	73.9	673	4666	23.3	50.6	17.8	4	8.3	14781
2007	BROOKLYN	548	1511	ELL	3162	829	56.5	654	274	8.7	47.8	26.2	4	17.3	1785
2007	BROOKLYN	1233	9813	EP	19151	3131	77.2	678	4974	26	51.2	16.3	4	6.4	14787
2008	BROOKLYN	365	1608	ELL	2915	638	65.6	660	304	10.4	55.2	21.9	4	12.5	1912
2008	BROOKLYN	1052	10070	EP	19209	2518	81.4	681	5569	29	52.4	13.1	4	5.5	15639
2009	BROOKLYN	257	1647	ELL	2941	521	73.5	670	516	17.5	56	17.7	4	8.7	2163
2009	BROOKLYN	696	9282	EP	18789	1825	86.6	691	6986	37.2	49.4	9.7	4	3.7	16268
2010	BROOKLYN	462	1001	ELL	3377	1563	40	668	351	10.4	29.6	46.3	4	13.7	1352
2010	BROOKLYN	1103	6568	EP	18728	6091	61.6	687	4966	26.5	35.1	32.5	4	5.9	11534
2011	BROOKLYN	484	1071	ELL	3248	1388	42.4	668	305	9.4	33	42.7	4	14.9	1376
2011	BROOKLYN	1034	7014	EP	18869	5745	64.1	687	5076	26.9	37.2	30.4	4	5.5	12090
2012	BROOKLYN	437	1099	ELL	3154	1172	49	672	446	14.1	34.8	37.2	4	13.9	1545
2012	BROOKLYN	892	6875	EP	18541	4940	68.5	691	5834	31.5	37.1	26.6	4	4.8	12709
2006	BROOKLYN	657	809	ELL	2455	829	39.5	639	160	6.5	33	33.8	5	26.8	969
2006	BROOKLYN	2263	9491	EP	20617	5065	64.5	663	3798	18.4	46	24.6	5	11	13289
2007	BROOKLYN	484	993	ELL	2488	795	48.6	648	216	8.7	39.9	32	5	19.5	1209
2007	BROOKLYN	1237	10443	EP	20374	4026	74.2	673	4668	22.9	51.3	19.8	5	6.1	15111
2008	BROOKLYN	316	1248	ELL	2497	682	60	656	251	10.1	50	27.3	5	12.7	1499
2008	BROOKLYN	743	10628	EP	19333	2765	81.9	679	5197	26.9	55	14.3	5	3.8	15825
2009	BROOKLYN	199	1466	ELL	2601	545	71.4	665	391	15	56.4	21	5	7.7	1857
2009	BROOKLYN	403	9943	EP	18981	2022	87.2	685	6613	34.8	52.4	10.7	5	2.1	16556
2010	BROOKLYN	446	805	ELL	2794	1291	37.8	665	252	9	28.8	46.2	5	16	1057
2010	BROOKLYN	1214	6979	EP	18574	5941	61.5	684	4440	23.9	37.6	32	5	6.5	11419
2011	BROOKLYN	492	909	ELL	2945	1283	39.7	665	261	8.9	30.9	43.6	5	16.7	1170
2011	BROOKLYN	988	7706	EP	18615	5403	65.7	687	4518	24.3	41.4	29	5	5.3	12224
2012	BROOKLYN	487	850	ELL	2759	1095	42.7	667	327	11.9	30.8	39.7	5	17.7	1177
2012	BROOKLYN	1096	6955	EP	18371	4634	68.8	690	5686	31	37.9	25.2	5	6	12641
2006	BROOKLYN	801	500	ELL	2077	706	27.4	623	70	3.4	24.1	34	6	38.6	570
2006	BROOKLYN	3463	8991	EP	21293	6341	54	651	2498	11.7	42.2	29.8	6	16.3	11489
2007	BROOKLYN	683	710	ELL	2197	708	36.7	633	96	4.4	32.3	32.2	6	31.1	806
2007	BROOKLYN	2225	9325	EP	20099	4900	64.6	663	3649	18.2	46.4	24.4	6	11.1	12974
2008	BROOKLYN	380	900	ELL	2090	668	49.9	645	142	6.8	43.1	32	6	18.2	1042
2008	BROOKLYN	1299	9986	EP	19727	3894	73.7	670	4548	23.1	50.6	19.7	6	6.6	14534
2009	BROOKLYN	316	1018	ELL	2265	713	54.6	652	218	9.6	44.9	31.5	6	14	1236
2009	BROOKLYN	779	10431	EP	19163	3196	79.3	676	4757	24.8	54.4	16.7	6	4.1	15188
2010	BROOKLYN	670	468	ELL	2446	1115	27	653	193	7.9	19.1	45.6	6	27.4	661
2010	BROOKLYN	1854	5799	EP	18949	6608	55.3	677	4688	24.7	30.6	34.9	6	9.8	10487
2011	BROOKLYN	677	610	ELL	2609	1076	32.8	658	246	9.4	23.4	41.2	6	25.9	856
2011	BROOKLYN	1776	6140	EP	18693	6112	57.8	680	4665	25	32.8	32.7	6	9.5	10805
2012	BROOKLYN	593	548	ELL	2483	1062	33.3	656	280	11.3	22.1	42.8	6	23.9	828
2012	BROOKLYN	1578	6046	EP	18852	5740	61.2	682	5488	29.1	32.1	30.4	6	8.4	11534
2006	BROOKLYN	974	509	ELL	2496	959	22.6	616	54	2.2	20.4	38.4	7	39	563
2006	BROOKLYN	3618	7968	EP	21112	7820	45.8	643	1706	8.1	37.7	37	7	17.1	9674
2007	BROOKLYN	591	534	ELL	2151	928	29.4	629	98	4.6	24.8	43.1	7	27.5	632
2007	BROOKLYN	2153	9032	EP	21477	7122	56.8	656	3170	14.8	42.1	33.2	7	10	12202
2008	BROOKLYN	346	888	ELL	2172	816	46.5	642	122	5.6	40.9	37.6	7	15.9	1010
2008	BROOKLYN	1036	10376	EP	20545	5112	70.1	666	4021	19.6	50.5	24.9	7	5	14397
2009	BROOKLYN	132	1150	ELL	2200	754	59.7	655	164	7.5	52.3	34.3	7	6	1314
2009	BROOKLYN	350	11698	EP	19903	3078	82.8	676	4777	24	58.8	15.5	7	1.8	16475
2010	BROOKLYN	703	485	ELL	2455	1051	28.6	651	216	8.8	19.8	42.8	7	28.6	701
2010	BROOKLYN	1937	5979	EP	19324	6787	54.9	673	4621	23.9	30.9	35.1	7	10	10600
2011	BROOKLYN	666	534	ELL	2484	1041	31.3	655	243	9.8	21.5	41.9	7	26.8	777
2011	BROOKLYN	1736	5879	EP	19136	6324	57.9	676	5197	27.2	30.7	33	7	9.1	11076
2012	BROOKLYN	644	509	ELL	2431	1015	31.8	655	263	10.8	20.9	41.8	7	26.5	772
2012	BROOKLYN	1696	5905	EP	18662	5660	60.6	678	5401	28.9	31.6	30.3	7	9.1	11306
2006	BROOKLYN	988	531	ELL	2463	889	23.8	620	55	2.2	21.6	36.1	8	40.1	586
2006	BROOKLYN	4793	7188	EP	21620	7922	41.2	642	1717	7.9	33.2	36.6	8	22.2	8905
2007	BROOKLYN	855	665	ELL	2527	929	29.4	629	78	3.1	26.3	36.8	8	33.8	743
2007	BROOKLYN	3728	7947	EP	21152	7445	47.2	649	2032	9.6	37.6	35.2	8	17.6	9979
2008	BROOKLYN	407	784	ELL	2017	716	44.3	643	110	5.5	38.9	35.5	8	20.2	894
2008	BROOKLYN	1970	9678	EP	20781	6123	61.1	660	3010	14.5	46.6	29.5	8	9.5	12688
2009	BROOKLYN	244	1148	ELL	2358	802	55.6	653	164	7	48.7	34	8	10.3	1312
2009	BROOKLYN	836	11530	EP	20472	4960	71.7	668	3146	15.4	56.3	24.2	8	4.1	14676
2010	BROOKLYN	636	583	ELL	2589	1159	30.7	659	211	8.1	22.5	44.8	8	24.6	794
2010	BROOKLYN	2443	6085	EP	20260	8160	47.7	674	3572	17.6	30	40.3	8	12.1	9657
2011	BROOKLYN	539	735	ELL	2591	1048	38.7	661	269	10.4	28.4	40.4	8	20.8	1004
2011	BROOKLYN	2017	6973	EP	19583	7086	53.5	675	3507	17.9	35.6	36.2	8	10.3	10480
2012	BROOKLYN	451	795	ELL	2513	1019	41.5	664	248	9.9	31.6	40.5	8	17.9	1043
2012	BROOKLYN	1452	7129	EP	19149	6883	56.5	678	3685	19.2	37.2	35.9	8	7.6	10814
2006	BROOKLYN	4587	5268	ELL	15672	4937	39.2	635	880	5.6	33.6	31.5	All Grades	29.3	6148
2006	BROOKLYN	17272	53747	EP	124108	33493	59.1	658	19596	15.8	43.3	27	All Grades	13.9	73343
2007	BROOKLYN	3519	6342	ELL	16075	4847	48	646	1367	8.5	39.5	30.2	All Grades	21.9	7709
2007	BROOKLYN	11456	56553	EP	121464	28829	66.8	667	24626	20.3	46.6	23.7	All Grades	9.4	81179
2008	BROOKLYN	1985	7694	ELL	15070	4032	60.1	655	1359	9	51.1	26.8	All Grades	13.2	9053
2008	BROOKLYN	6665	62282	EP	118098	22034	75.7	674	27117	23	52.7	18.7	All Grades	5.6	89399
2009	BROOKLYN	1240	8899	ELL	15825	3751	68.5	664	1935	12.2	56.2	23.7	All Grades	7.8	10834
2009	BROOKLYN	3279	64874	EP	115666	16260	83.1	681	31253	27	56.1	14.1	All Grades	2.8	96127
2010	BROOKLYN	3663	4328	ELL	17322	7645	34.7	664	1686	9.7	25	44.1	All Grades	21.1	6014
2010	BROOKLYN	10566	37463	EP	114242	39622	56.1	681	26591	23.3	32.8	34.7	All Grades	9.2	64054
2011	BROOKLYN	3614	5067	ELL	17452	7294	37.5	665	1477	8.5	29	41.8	All Grades	20.7	6544
2011	BROOKLYN	9408	41976	EP	113509	36667	59.4	682	25458	22.4	37	32.3	All Grades	8.3	67434
2012	BROOKLYN	3328	5052	ELL	16789	6664	40.5	666	1745	10.4	30.1	39.7	All Grades	19.8	6797
2012	BROOKLYN	8513	41469	EP	112282	33655	62.4	684	28645	25.5	36.9	30	All Grades	7.6	70114
2006	MANHATTAN	403	1073	ELL	2314	642	54.8	652	196	8.5	46.4	27.7	3	17.4	1269
2006	MANHATTAN	506	3810	EP	7324	1071	78.5	678	1937	26.4	52	14.6	3	6.9	5747
2007	MANHATTAN	250	1270	ELL	2283	504	67	662	259	11.3	55.6	22.1	3	11	1529
2007	MANHATTAN	309	3893	EP	7154	763	85	686	2189	30.6	54.4	10.7	3	4.3	6082
2008	MANHATTAN	95	1392	ELL	2078	370	77.6	671	221	10.6	67	17.8	3	4.6	1613
2008	MANHATTAN	162	4254	EP	6936	644	88.4	688	1876	27	61.3	9.3	3	2.3	6130
2009	MANHATTAN	53	1504	ELL	2080	276	84.2	675	247	11.9	72.3	13.3	3	2.5	1751
2009	MANHATTAN	71	4586	EP	7112	430	93	693	2025	28.5	64.5	6	3	1	6611
2010	MANHATTAN	430	489	ELL	1910	802	35.5	678	189	9.9	25.6	42	3	22.5	678
2010	MANHATTAN	653	2413	EP	7008	2022	61.8	695	1920	27.4	34.4	28.9	3	9.3	4333
2011	MANHATTAN	396	547	ELL	1811	799	34	675	69	3.8	30.2	44.1	3	21.9	616
2011	MANHATTAN	588	3167	EP	7195	2041	63.5	690	1399	19.4	44	28.4	3	8.2	4566
2012	MANHATTAN	383	508	ELL	1657	699	34.7	676	67	4	30.7	42.2	3	23.1	575
2012	MANHATTAN	580	3650	EP	7548	2033	65.4	691	1285	17	48.4	26.9	3	7.7	4935
2006	MANHATTAN	459	747	ELL	1864	530	46.9	644	128	6.9	40.1	28.4	4	24.6	875
2006	MANHATTAN	545	3865	EP	7781	1435	74.6	675	1936	24.9	49.7	18.4	4	7	5801
2007	MANHATTAN	362	836	ELL	1937	615	49.6	649	124	6.4	43.2	31.8	4	18.7	960
2007	MANHATTAN	431	3597	EP	7391	1244	77.3	680	2119	28.7	48.7	16.8	4	5.8	5716
2008	MANHATTAN	223	1003	ELL	1836	444	63.7	659	166	9	54.6	24.2	4	12.1	1169
2008	MANHATTAN	346	3779	EP	7321	917	82.7	684	2279	31.1	51.6	12.5	4	4.7	6058
2009	MANHATTAN	163	961	ELL	1796	371	70.3	668	301	16.8	53.5	20.7	4	9.1	1262
2009	MANHATTAN	306	3199	EP	7126	649	86.6	694	2972	41.7	44.9	9.1	4	4.3	6171
2010	MANHATTAN	252	539	ELL	1906	919	38.6	668	196	10.3	28.3	48.2	4	13.2	735
2010	MANHATTAN	407	2436	EP	7337	2123	65.5	692	2371	32.3	33.2	28.9	4	5.5	4807
2011	MANHATTAN	247	573	ELL	1745	750	42.9	670	175	10	32.8	43	4	14.2	748
2011	MANHATTAN	330	2578	EP	7239	1820	70.3	694	2511	34.7	35.6	25.1	4	4.6	5089
2012	MANHATTAN	216	504	ELL	1561	648	44.7	670	193	12.4	32.3	41.5	4	13.8	697
2012	MANHATTAN	337	2573	EP	7349	1687	72.5	695	2752	37.4	35	23	4	4.6	5325
2006	MANHATTAN	613	509	ELL	1812	614	32.3	632	76	4.2	28.1	33.9	5	33.8	585
2006	MANHATTAN	824	3633	EP	7974	1974	64.9	665	1543	19.4	45.6	24.8	5	10.3	5176
2007	MANHATTAN	347	641	ELL	1675	603	43.3	643	84	5	38.3	36	5	20.7	725
2007	MANHATTAN	370	3962	EP	7656	1554	74.9	674	1770	23.1	51.8	20.3	5	4.8	5732
2008	MANHATTAN	216	702	ELL	1458	435	55.3	650	105	7.2	48.1	29.8	5	14.8	807
2008	MANHATTAN	296	3862	EP	7456	1138	80.8	680	2160	29	51.8	15.3	5	4	6022
2009	MANHATTAN	94	875	ELL	1500	316	72.7	666	215	14.3	58.3	21.1	5	6.3	1090
2009	MANHATTAN	141	3535	EP	7224	672	88.7	689	2876	39.8	48.9	9.3	5	2	6411
2010	MANHATTAN	259	481	ELL	1606	737	38	665	129	8	30	45.9	5	16.1	610
2010	MANHATTAN	438	2457	EP	6939	1906	66.2	688	2138	30.8	35.4	27.5	5	6.3	4595
2011	MANHATTAN	266	425	ELL	1522	715	35.5	665	116	7.6	27.9	47	5	17.5	541
2011	MANHATTAN	329	2739	EP	7175	1868	69.4	691	2239	31.2	38.2	26	5	4.6	4978
2012	MANHATTAN	306	420	ELL	1404	550	39	663	128	9.1	29.9	39.2	5	21.8	548
2012	MANHATTAN	456	2386	EP	7078	1701	69.5	693	2535	35.8	33.7	24	5	6.4	4921
2006	MANHATTAN	570	340	ELL	1522	562	25.6	625	50	3.3	22.3	36.9	6	37.5	390
2006	MANHATTAN	1056	3839	EP	8575	2469	58.9	657	1211	14.1	44.8	28.8	6	12.3	5050
2007	MANHATTAN	482	466	ELL	1515	522	33.7	631	45	3	30.8	34.5	6	31.8	511
2007	MANHATTAN	661	3648	EP	7701	1828	67.7	667	1564	20.3	47.4	23.7	6	8.6	5212
2008	MANHATTAN	237	607	ELL	1357	451	49.3	644	62	4.6	44.7	33.2	6	17.5	669
2008	MANHATTAN	474	3854	EP	7738	1486	74.7	672	1924	24.9	49.8	19.2	6	6.1	5778
2009	MANHATTAN	158	594	ELL	1315	485	51.1	650	78	5.9	45.2	36.9	6	12	672
2009	MANHATTAN	258	3816	EP	7484	1145	81.3	681	2265	30.3	51	15.3	6	3.4	6081
2010	MANHATTAN	372	228	ELL	1370	680	23.2	652	90	6.6	16.6	49.6	6	27.2	318
2010	MANHATTAN	610	2266	EP	7307	2356	59.4	681	2075	28.4	31	32.2	6	8.3	4341
2011	MANHATTAN	354	346	ELL	1424	637	30.4	657	87	6.1	24.3	44.7	6	24.9	433
2011	MANHATTAN	521	2214	EP	7019	1952	64.8	686	2332	33.2	31.5	27.8	6	7.4	4546
2012	MANHATTAN	266	326	ELL	1281	587	33.4	658	102	8	25.4	45.8	6	20.8	428
2012	MANHATTAN	531	2294	EP	7416	1891	67.3	687	2700	36.4	30.9	25.5	6	7.2	4994
2006	MANHATTAN	675	318	ELL	1755	727	20.1	616	35	2	18.1	41.4	7	38.5	353
2006	MANHATTAN	1179	3330	EP	8605	3252	48.5	647	844	9.8	38.7	37.8	7	13.7	4174
2007	MANHATTAN	385	357	ELL	1514	735	26	628	37	2.4	23.6	48.5	7	25.4	394
2007	MANHATTAN	582	3739	EP	8536	2769	60.7	660	1446	16.9	43.8	32.4	7	6.8	5185
2008	MANHATTAN	194	568	ELL	1360	541	46	643	57	4.2	41.8	39.8	7	14.3	625
2008	MANHATTAN	301	4103	EP	7953	1712	74.7	670	1837	23.1	51.6	21.5	7	3.8	5940
2009	MANHATTAN	62	742	ELL	1297	399	64.5	657	94	7.2	57.2	30.8	7	4.8	836
2009	MANHATTAN	99	4433	EP	7776	1088	84.7	679	2156	27.7	57	14	7	1.3	6589
2010	MANHATTAN	367	284	ELL	1357	640	25.8	651	66	4.9	20.9	47.2	7	27	350
2010	MANHATTAN	621	2288	EP	7543	2408	59.8	678	2226	29.5	30.3	31.9	7	8.2	4514
2011	MANHATTAN	332	266	ELL	1301	597	28.6	654	106	8.1	20.4	45.9	7	25.5	372
2011	MANHATTAN	546	2229	EP	7367	2112	63.9	681	2480	33.7	30.3	28.7	7	7.4	4709
2012	MANHATTAN	378	283	ELL	1268	529	28.5	651	78	6.2	22.3	41.7	7	29.8	361
2012	MANHATTAN	645	2069	EP	7265	1872	65.4	683	2679	36.9	28.5	25.8	7	8.9	4748
2006	MANHATTAN	722	315	ELL	1730	649	20.8	619	44	2.5	18.2	37.5	8	41.7	359
2006	MANHATTAN	1613	3143	EP	8764	3192	45.2	647	816	9.3	35.9	36.4	8	18.4	3959
2007	MANHATTAN	617	317	ELL	1612	641	22	625	37	2.3	19.7	39.8	8	38.3	354
2007	MANHATTAN	1318	3406	EP	8592	3041	49.3	651	827	9.6	39.6	35.4	8	15.3	4233
2008	MANHATTAN	261	472	ELL	1336	550	39.3	640	53	4	35.3	41.2	8	19.5	525
2008	MANHATTAN	740	4074	EP	8538	2572	61.2	660	1152	13.5	47.7	30.1	8	8.7	5226
2009	MANHATTAN	133	634	ELL	1333	505	52.1	649	61	4.6	47.6	37.9	8	10	695
2009	MANHATTAN	299	4647	EP	8071	1741	74.7	671	1384	17.1	57.6	21.6	8	3.7	6031
2010	MANHATTAN	325	316	ELL	1406	696	27.4	657	69	4.9	22.5	49.5	8	23.1	385
2010	MANHATTAN	832	2560	EP	7917	2940	52.4	677	1585	20	32.3	37.1	8	10.5	4145
2011	MANHATTAN	314	376	ELL	1419	660	31.4	655	69	4.9	26.5	46.5	8	22.1	445
2011	MANHATTAN	658	2880	EP	7643	2390	60.1	679	1715	22.4	37.7	31.3	8	8.6	4595
2012	MANHATTAN	250	351	ELL	1322	634	33.1	661	87	6.6	26.6	48	8	18.9	438
2012	MANHATTAN	492	2922	EP	7531	2393	61.7	681	1724	22.9	38.8	31.8	8	6.5	4646
2006	MANHATTAN	3442	3302	ELL	10997	3724	34.8	633	529	4.8	30	33.9	All Grades	31.3	3831
2006	MANHATTAN	5723	21620	EP	49023	13393	61	661	8287	16.9	44.1	27.3	All Grades	11.7	29907
2007	MANHATTAN	2443	3887	ELL	10536	3620	42.5	642	586	5.6	36.9	34.4	All Grades	23.2	4473
2007	MANHATTAN	3671	22245	EP	47030	11199	68.4	669	9915	21.1	47.3	23.8	All Grades	7.8	32160
2008	MANHATTAN	1226	4744	ELL	9425	2791	57.4	653	664	7	50.3	29.6	All Grades	13	5408
2008	MANHATTAN	2319	23926	EP	45942	8469	76.5	675	11228	24.4	52.1	18.4	All Grades	5	35154
2009	MANHATTAN	663	5310	ELL	9321	2352	67.7	662	996	10.7	57	25.2	All Grades	7.1	6306
2009	MANHATTAN	1174	24216	EP	44793	5725	84.6	684	13678	30.5	54.1	12.8	All Grades	2.6	37894
2010	MANHATTAN	2005	2337	ELL	9555	4474	32.2	663	739	7.7	24.5	46.8	All Grades	21	3076
2010	MANHATTAN	3561	14420	EP	44051	13755	60.7	685	12315	28	32.7	31.2	All Grades	8.1	26735
2011	MANHATTAN	1909	2533	ELL	9222	4158	34.2	664	622	6.7	27.5	45.1	All Grades	20.7	3155
2011	MANHATTAN	2972	15807	EP	43638	12183	65.3	687	12676	29	36.2	27.9	All Grades	6.8	28483
2012	MANHATTAN	1799	2392	ELL	8493	3647	35.9	664	655	7.7	28.2	42.9	All Grades	21.2	3047
2012	MANHATTAN	3041	15894	EP	44187	11577	66.9	689	13675	30.9	36	26.2	All Grades	6.9	29569
2006	QUEENS	453	1991	ELL	3655	764	66.7	662	447	12.2	54.5	20.9	3	12.4	2438
2006	QUEENS	603	7728	EP	15509	1385	87.2	690	5793	37.4	49.8	8.9	3	3.9	13521
2007	QUEENS	300	2227	ELL	3852	649	75.4	672	676	17.5	57.8	16.8	3	7.8	2903
2007	QUEENS	379	7488	EP	15469	1081	90.6	696	6521	42.2	48.4	7	3	2.5	14009
2008	QUEENS	139	2499	ELL	3574	446	83.6	676	490	13.7	69.9	12.5	3	3.9	2989
2008	QUEENS	241	9297	EP	15581	866	92.9	695	5177	33.2	59.7	5.6	3	1.5	14474
2009	QUEENS	66	2821	ELL	3818	382	88.3	679	549	14.4	73.9	10	3	1.7	3370
2009	QUEENS	113	9864	EP	16220	689	95.1	699	5554	34.2	60.8	4.2	3	0.7	15418
2010	QUEENS	620	1214	ELL	3965	1604	43.9	683	527	13.3	30.6	40.5	3	15.6	1741
2010	QUEENS	1069	5627	EP	16118	4534	65.2	699	4888	30.3	34.9	28.1	3	6.6	10515
2011	QUEENS	602	1421	ELL	3935	1765	39.8	678	147	3.7	36.1	44.9	3	15.3	1568
2011	QUEENS	980	8248	EP	16807	4594	66.8	691	2985	17.8	49.1	27.3	3	5.8	11233
2012	QUEENS	545	1332	ELL	3418	1393	43.3	679	148	4.3	39	40.8	3	15.9	1480
2012	QUEENS	964	8937	EP	17525	4412	69.3	692	3212	18.3	51	25.2	3	5.5	12149
2006	QUEENS	481	1189	ELL	2578	690	54.6	651	218	8.5	46.1	26.8	4	18.7	1407
2006	QUEENS	751	8503	EP	16681	2054	83.2	684	5373	32.2	51	12.3	4	4.5	13876
2007	QUEENS	427	1652	ELL	3195	786	62	659	330	10.3	51.7	24.6	4	13.4	1982
2007	QUEENS	604	7825	EP	15873	1701	85.5	689	5743	36.2	49.3	10.7	4	3.8	13568
2008	QUEENS	308	1739	ELL	3082	678	68	663	357	11.6	56.4	22	4	10	2096
2008	QUEENS	544	8186	EP	16192	1369	88.2	691	6093	37.6	50.6	8.5	4	3.4	14279
2009	QUEENS	216	1826	ELL	3065	447	78.4	673	576	18.8	59.6	14.6	4	7	2402
2009	QUEENS	377	7396	EP	16129	1013	91.4	700	7343	45.5	45.9	6.3	4	2.3	14739
2010	QUEENS	407	1174	ELL	3532	1580	43.7	670	371	10.5	33.2	44.7	4	11.5	1545
2010	QUEENS	645	6053	EP	16861	4383	70.2	695	5780	34.3	35.9	26	4	3.8	11833
2011	QUEENS	358	1277	ELL	3420	1336	50.5	675	449	13.1	37.3	39.1	4	10.5	1726
2011	QUEENS	526	6514	EP	16822	3794	74.3	696	5988	35.6	38.7	22.6	4	3.1	12502
2012	QUEENS	315	1315	ELL	3418	1297	52.8	676	491	14.4	38.5	37.9	4	9.2	1806
2012	QUEENS	506	6276	EP	17121	3517	76.5	698	6822	39.8	36.7	20.5	4	3	13098
2006	QUEENS	570	856	ELL	2382	817	41.8	642	139	5.8	35.9	34.3	5	23.9	995
2006	QUEENS	1043	8771	EP	17549	3114	76.3	676	4621	26.3	50	17.7	5	5.9	13392
2007	QUEENS	354	1117	ELL	2416	710	56	653	235	9.7	46.2	29.4	5	14.7	1352
2007	QUEENS	579	8796	EP	17080	2192	83.8	685	5513	32.3	51.5	12.8	5	3.4	14309
2008	QUEENS	221	1432	ELL	2569	596	68.2	662	320	12.5	55.7	23.2	5	8.6	1752
2008	QUEENS	362	8649	EP	16577	1534	88.6	689	6032	36.4	52.2	9.3	5	2.2	14681
2009	QUEENS	117	1557	ELL	2684	543	75.4	669	467	17.4	58	20.2	5	4.4	2024
2009	QUEENS	241	7763	EP	16756	1195	91.4	693	7557	45.1	46.3	7.1	5	1.4	15320
2010	QUEENS	364	895	ELL	2780	1206	43.5	669	315	11.3	32.2	43.4	5	13.1	1210
2010	QUEENS	651	6655	EP	16847	4106	71.8	692	5435	32.3	39.5	24.4	5	3.9	12090
2011	QUEENS	391	971	ELL	2914	1240	44	670	312	10.7	33.3	42.6	5	13.4	1283
2011	QUEENS	625	7446	EP	17589	3813	74.8	694	5705	32.4	42.3	21.7	5	3.6	13151
2012	QUEENS	399	973	ELL	2781	1021	48.9	673	388	14	35	36.7	5	14.3	1361
2012	QUEENS	638	6712	EP	17579	3440	76.8	698	6789	38.6	38.2	19.6	5	3.6	13501
2006	QUEENS	602	587	ELL	1994	690	35.2	633	115	5.8	29.4	34.6	6	30.2	702
2006	QUEENS	1494	8555	EP	17466	3997	68.6	666	3420	19.6	49	22.9	6	8.6	11975
2007	QUEENS	534	808	ELL	2217	709	43.9	641	166	7.5	36.4	32	6	24.1	974
2007	QUEENS	846	8920	EP	17326	2654	79.8	679	4906	28.3	51.5	15.3	6	4.9	13826
2008	QUEENS	296	957	ELL	2087	624	55.9	651	210	10.1	45.9	29.9	6	14.2	1167
2008	QUEENS	606	8577	EP	17112	2114	84.1	683	5815	34	50.1	12.4	6	3.5	14392
2009	QUEENS	258	1244	ELL	2398	644	62.4	658	252	10.5	51.9	26.9	6	10.8	1496
2009	QUEENS	369	8639	EP	16965	1728	87.6	687	6229	36.7	50.9	10.2	6	2.2	14868
2010	QUEENS	557	528	ELL	2443	1167	29.4	657	191	7.8	21.6	47.8	6	22.8	719
2010	QUEENS	1050	5717	EP	17435	4793	66.5	686	5875	33.7	32.8	27.5	6	6	11592
2011	QUEENS	501	701	ELL	2472	1045	37.5	663	225	9.1	28.4	42.3	6	20.3	926
2011	QUEENS	951	6198	EP	17411	4453	69	688	5809	33.4	35.6	25.6	6	5.5	12007
2012	QUEENS	533	616	ELL	2384	990	36.1	659	245	10.3	25.8	41.5	6	22.4	861
2012	QUEENS	946	6031	EP	18308	4157	72.1	691	7174	39.2	32.9	22.7	6	5.2	13205
2006	QUEENS	729	571	ELL	2354	983	27.3	625	71	3	24.3	41.8	7	31	642
2006	QUEENS	1694	7781	EP	17300	5456	58.7	655	2369	13.7	45	31.5	7	9.8	10150
2007	QUEENS	427	655	ELL	2083	879	37.3	637	122	5.9	31.4	42.2	7	20.5	777
2007	QUEENS	1040	8329	EP	17508	4317	69.4	667	3822	21.8	47.6	24.7	7	5.9	12151
2008	QUEENS	251	904	ELL	2115	780	51.3	649	180	8.5	42.7	36.9	7	11.9	1084
2008	QUEENS	473	9207	EP	17584	2870	81	677	5034	28.6	52.4	16.3	7	2.7	14241
2009	QUEENS	102	1172	ELL	2132	650	64.7	658	208	9.8	55	30.5	7	4.8	1380
2009	QUEENS	154	9655	EP	17457	1621	89.8	685	6027	34.5	55.3	9.3	7	0.9	15682
2010	QUEENS	559	561	ELL	2459	1089	33	656	250	10.2	22.8	44.3	7	22.7	811
2010	QUEENS	1088	5489	EP	17410	4845	65.9	682	5988	34.4	31.5	27.8	7	6.2	11477
2011	QUEENS	478	577	ELL	2452	1130	34.4	658	267	10.9	23.5	46.1	7	19.5	844
2011	QUEENS	1024	5916	EP	17757	4684	67.9	683	6133	34.5	33.3	26.4	7	5.8	12049
2012	QUEENS	436	540	ELL	2176	947	36.4	660	253	11.6	24.8	43.5	7	20	793
2012	QUEENS	1048	5842	EP	17755	4303	69.9	685	6562	37	32.9	24.2	7	5.9	12404
2006	QUEENS	869	625	ELL	2525	947	28.1	628	84	3.3	24.8	37.5	8	34.4	709
2006	QUEENS	2583	6496	EP	17054	5835	50.6	652	2140	12.5	38.1	34.2	8	15.1	8636
2007	QUEENS	623	713	ELL	2351	903	35.1	637	112	4.8	30.3	38.4	8	26.5	825
2007	QUEENS	1819	7684	EP	17453	5284	59.3	661	2666	15.3	44	30.3	8	10.4	10350
2008	QUEENS	297	890	ELL	2072	717	51.1	650	168	8.1	43	34.6	8	14.3	1058
2008	QUEENS	1006	8933	EP	17552	4017	71.4	670	3596	20.5	50.9	22.9	8	5.7	12529
2009	QUEENS	200	1177	ELL	2239	691	60.2	657	171	7.6	52.6	30.9	8	8.9	1348
2009	QUEENS	393	10296	EP	17819	2921	81.4	679	4209	23.6	57.8	16.4	8	2.2	14505
2010	QUEENS	480	541	ELL	2331	1084	32.9	663	226	9.7	23.2	46.5	8	20.6	767
2010	QUEENS	1280	6031	EP	17958	5950	59.7	684	4697	26.2	33.6	33.1	8	7.1	10728
2011	QUEENS	435	801	ELL	2577	1089	40.9	664	252	9.8	31.1	42.3	8	16.9	1053
2011	QUEENS	1080	6968	EP	17637	5163	64.6	683	4426	25.1	39.5	29.3	8	6.1	11394
2012	QUEENS	310	859	ELL	2377	1002	44.8	668	206	8.7	36.1	42.2	8	13	1065
2012	QUEENS	840	7299	EP	17959	5144	66.7	685	4676	26	40.6	28.6	8	4.7	11975
2006	QUEENS	3704	5819	ELL	15488	4891	44.5	642	1074	6.9	37.6	31.6	All Grades	23.9	6893
2006	QUEENS	8168	47834	EP	101559	21841	70.5	670	23716	23.4	47.1	21.5	All Grades	8	71550
2007	QUEENS	2665	7172	ELL	16114	4636	54.7	653	1641	10.2	44.5	28.8	All Grades	16.5	8813
2007	QUEENS	5267	49042	EP	100709	17229	77.7	679	29171	29	48.7	17.1	All Grades	5.2	78213
2008	QUEENS	1512	8421	ELL	15499	3841	65.5	661	1725	11.1	54.3	24.8	All Grades	9.8	10146
2008	QUEENS	3232	52849	EP	100598	12770	84.1	684	31747	31.6	52.5	12.7	All Grades	3.2	84596
2009	QUEENS	959	9797	ELL	16336	3357	73.6	668	2223	13.6	60	20.5	All Grades	5.9	12020
2009	QUEENS	1647	53613	EP	101346	9167	89.3	690	36919	36.4	52.9	9	All Grades	1.6	90532
2010	QUEENS	2987	4913	ELL	17510	7730	38.8	668	1880	10.7	28.1	44.1	All Grades	17.1	6793
2010	QUEENS	5783	35572	EP	102629	28611	66.5	689	32663	31.8	34.7	27.9	All Grades	5.6	68235
2011	QUEENS	2765	5748	ELL	17770	7605	41.6	669	1652	9.3	32.3	42.8	All Grades	15.6	7400
2011	QUEENS	5186	41290	EP	104023	26501	69.5	689	31046	29.8	39.7	25.5	All Grades	5	72336
2012	QUEENS	2538	5635	ELL	16554	6650	44.5	670	1731	10.5	34	40.2	All Grades	15.3	7366
2012	QUEENS	4942	41097	EP	106247	24973	71.8	692	35235	33.2	38.7	23.5	All Grades	4.7	76332
2006	STATEN ISLAND	71	186	ELL	383	99	55.6	651	27	7	48.6	25.8	3	18.5	213
2006	STATEN ISLAND	217	1905	EP	3922	368	85.1	687	1432	36.5	48.6	9.4	3	5.5	3337
2007	STATEN ISLAND	41	189	ELL	341	80	64.5	661	31	9.1	55.4	23.5	3	12	220
2007	STATEN ISLAND	135	2069	EP	4024	298	89.2	693	1522	37.8	51.4	7.4	3	3.4	3591
2008	STATEN ISLAND	20	231	ELL	347	59	77.2	670	37	10.7	66.6	17	3	5.8	268
2008	STATEN ISLAND	80	2440	EP	4028	274	91.2	693	1234	30.6	60.6	6.8	3	2	3674
2009	STATEN ISLAND	8	296	ELL	386	43	86.8	675	39	10.1	76.7	11.1	3	2.1	335
2009	STATEN ISLAND	46	2575	EP	4133	215	93.7	696	1297	31.4	62.3	5.2	3	1.1	3872
2010	STATEN ISLAND	72	100	ELL	367	171	33.8	676	24	6.5	27.2	46.6	3	19.6	124
2010	STATEN ISLAND	312	1446	EP	4049	1115	64.8	697	1176	29	35.7	27.5	3	7.7	2622
2011	STATEN ISLAND	87	105	ELL	354	156	31.4	674	6	1.7	29.7	44.1	3	24.6	111
2011	STATEN ISLAND	319	2242	EP	4367	1175	65.8	689	631	14.4	51.3	26.9	3	7.3	2873
2012	STATEN ISLAND	68	110	ELL	348	158	35.1	677	12	3.4	31.6	45.4	3	19.5	122
2012	STATEN ISLAND	317	2343	EP	4483	1169	66.9	690	654	14.6	52.3	26.1	3	7.1	2997
2006	STATEN ISLAND	56	111	ELL	242	66	49.6	644	9	3.7	45.9	27.3	4	23.1	120
2006	STATEN ISLAND	187	2114	EP	4034	487	83.3	683	1246	30.9	52.4	12.1	4	4.6	3360
2007	STATEN ISLAND	56	162	ELL	349	117	50.4	649	14	4	46.4	33.5	4	16	176
2007	STATEN ISLAND	177	2071	EP	3965	454	84.1	685	1263	31.9	52.2	11.5	4	4.5	3334
2008	STATEN ISLAND	32	141	ELL	263	69	61.6	657	21	8	53.6	26.2	4	12.2	162
2008	STATEN ISLAND	143	2183	EP	4043	377	87.1	688	1340	33.1	54	9.3	4	3.5	3523
2009	STATEN ISLAND	30	145	ELL	278	64	66.2	664	39	14	52.2	23	4	10.8	184
2009	STATEN ISLAND	130	1933	EP	4105	284	89.9	696	1758	42.8	47.1	6.9	4	3.2	3691
2010	STATEN ISLAND	47	88	ELL	332	173	33.7	665	24	7.2	26.5	52.1	4	14.2	112
2010	STATEN ISLAND	200	1568	EP	4198	1181	67.1	691	1249	29.8	37.4	28.1	4	4.8	2817
2011	STATEN ISLAND	44	91	ELL	303	143	38.3	667	25	8.3	30	47.2	4	14.5	116
2011	STATEN ISLAND	171	1670	EP	4122	920	73.5	694	1361	33	40.5	22.3	4	4.1	3031
2012	STATEN ISLAND	51	103	ELL	320	144	39.1	666	22	6.9	32.2	45	4	15.9	125
2012	STATEN ISLAND	173	1732	EP	4314	879	75.6	696	1530	35.5	40.1	20.4	4	4	3262
2006	STATEN ISLAND	45	77	ELL	211	73	44.1	643	16	7.6	36.5	34.6	5	21.3	93
2006	STATEN ISLAND	271	2111	EP	4124	711	76.2	674	1031	25	51.2	17.2	5	6.6	3142
2007	STATEN ISLAND	44	106	ELL	248	78	50.8	649	20	8.1	42.7	31.5	5	17.7	126
2007	STATEN ISLAND	133	2294	EP	4141	515	84.4	682	1199	29	55.4	12.4	5	3.2	3493
2008	STATEN ISLAND	31	131	ELL	268	85	56.7	653	21	7.8	48.9	31.7	5	11.6	152
2008	STATEN ISLAND	97	2182	EP	4085	373	88.5	688	1433	35.1	53.4	9.1	5	2.4	3615
2009	STATEN ISLAND	8	156	ELL	243	49	76.5	668	30	12.3	64.2	20.2	5	3.3	186
2009	STATEN ISLAND	57	1977	EP	4114	268	92.1	693	1812	44	48.1	6.5	5	1.4	3789
2010	STATEN ISLAND	34	81	ELL	236	103	41.9	667	18	7.6	34.3	43.6	5	14.4	99
2010	STATEN ISLAND	191	1678	EP	4177	1080	69.6	690	1228	29.4	40.2	25.9	5	4.6	2906
2011	STATEN ISLAND	39	77	ELL	244	117	36.1	666	11	4.5	31.6	48	5	16	88
2011	STATEN ISLAND	145	1933	EP	4278	966	74	692	1234	28.8	45.2	22.6	5	3.4	3167
2012	STATEN ISLAND	38	85	ELL	247	108	40.9	669	16	6.5	34.4	43.7	5	15.4	101
2012	STATEN ISLAND	177	1677	EP	4175	870	74.9	695	1451	34.8	40.2	20.8	5	4.2	3128
2006	STATEN ISLAND	73	32	ELL	164	56	21.3	617	3	1.8	19.5	34.1	6	44.5	35
2006	STATEN ISLAND	488	1917	EP	4067	1077	61.5	657	585	14.4	47.1	26.5	6	12	2502
2007	STATEN ISLAND	49	49	ELL	164	60	33.5	633	6	3.7	29.9	36.6	6	29.9	55
2007	STATEN ISLAND	341	2099	EP	3969	822	70.7	667	707	17.8	52.9	20.7	6	8.6	2806
2008	STATEN ISLAND	41	71	ELL	190	78	37.4	635	0	0	37.4	41.1	6	21.6	71
2008	STATEN ISLAND	188	2103	EP	4037	619	80	676	1127	27.9	52.1	15.3	6	4.7	3230
2009	STATEN ISLAND	45	88	ELL	223	85	41.7	640	5	2.2	39.5	38.1	6	20.2	93
2009	STATEN ISLAND	119	2146	EP	4037	543	83.6	682	1229	30.4	53.2	13.5	6	2.9	3375
2010	STATEN ISLAND	64	28	ELL	200	100	18	648	8	4	14	50	6	32	36
2010	STATEN ISLAND	309	1376	EP	4045	1241	61.7	681	1119	27.7	34	30.7	6	7.6	2495
2011	STATEN ISLAND	53	29	ELL	196	107	18.4	654	7	3.6	14.8	54.6	6	27	36
2011	STATEN ISLAND	268	1454	EP	4029	1144	65	684	1163	28.9	36.1	28.4	6	6.7	2617
2012	STATEN ISLAND	68	30	ELL	184	77	21.2	647	9	4.9	16.3	41.8	6	37	39
2012	STATEN ISLAND	332	1397	EP	4118	998	67.7	685	1391	33.8	33.9	24.2	6	8.1	2788
2006	STATEN ISLAND	69	41	ELL	195	82	22.6	619	3	1.5	21	42.1	7	35.4	44
2006	STATEN ISLAND	443	1890	EP	4067	1295	57.3	653	439	10.8	46.5	31.8	7	10.9	2329
2007	STATEN ISLAND	45	45	ELL	168	74	29.2	627	4	2.4	26.8	44	7	26.8	49
2007	STATEN ISLAND	282	1940	EP	4132	1142	65.5	663	768	18.6	47	27.6	7	6.8	2708
2008	STATEN ISLAND	21	55	ELL	150	70	39.3	641	4	2.7	36.7	46.7	7	14	59
2008	STATEN ISLAND	126	2157	EP	4103	781	77.9	673	1039	25.3	52.6	19	7	3.1	3196
2009	STATEN ISLAND	10	100	ELL	199	85	52.3	650	4	2	50.3	42.7	7	5	104
2009	STATEN ISLAND	49	2444	EP	4138	485	87.1	679	1160	28	59.1	11.7	7	1.2	3604
2010	STATEN ISLAND	65	37	ELL	217	109	19.8	646	6	2.8	17.1	50.2	7	30	43
2010	STATEN ISLAND	283	1339	EP	4043	1260	61.8	677	1161	28.7	33.1	31.2	7	7	2500
2011	STATEN ISLAND	50	40	ELL	186	89	25.3	651	7	3.8	21.5	47.8	7	26.9	47
2011	STATEN ISLAND	277	1418	EP	4089	1077	66.9	680	1317	32.2	34.7	26.3	7	6.8	2735
2012	STATEN ISLAND	48	26	ELL	145	64	22.8	649	7	4.8	17.9	44.1	7	33.1	33
2012	STATEN ISLAND	296	1361	EP	4012	1041	66.7	680	1314	32.8	33.9	25.9	7	7.4	2675
2006	STATEN ISLAND	64	31	ELL	160	61	21.9	619	4	2.5	19.4	38.1	8	40	35
2006	STATEN ISLAND	673	1764	EP	4312	1505	49.5	649	370	8.6	40.9	34.9	8	15.6	2134
2007	STATEN ISLAND	82	42	ELL	210	85	20.5	621	1	0.5	20	40.5	8	39	43
2007	STATEN ISLAND	534	1856	EP	4170	1310	55.8	655	470	11.3	44.5	31.4	8	12.8	2326
2008	STATEN ISLAND	39	57	ELL	171	68	37.4	638	7	4.1	33.3	39.8	8	22.8	64
2008	STATEN ISLAND	295	2069	EP	4129	1064	67.1	666	701	17	50.1	25.8	8	7.1	2770
2009	STATEN ISLAND	17	74	ELL	163	71	46	646	1	0.6	45.4	43.6	8	10.4	75
2009	STATEN ISLAND	117	2430	EP	4142	852	76.6	673	743	17.9	58.7	20.6	8	2.8	3173
2010	STATEN ISLAND	56	28	ELL	202	112	16.8	652	6	3	13.9	55.4	8	27.7	34
2010	STATEN ISLAND	403	1394	EP	4210	1563	53.3	678	850	20.2	33.1	37.1	8	9.6	2244
2011	STATEN ISLAND	76	37	ELL	208	87	21.6	643	8	3.8	17.8	41.8	8	36.5	45
2011	STATEN ISLAND	328	1773	EP	4144	1354	59.4	678	689	16.6	42.8	32.7	8	7.9	2462
2012	STATEN ISLAND	46	34	ELL	179	88	25.1	655	11	6.1	19	49.2	8	25.7	45
2012	STATEN ISLAND	237	1738	EP	4101	1405	60	679	721	17.6	42.4	34.3	8	5.8	2459
2006	STATEN ISLAND	378	478	ELL	1355	437	39.9	636	62	4.6	35.3	32.3	All Grades	27.9	540
2006	STATEN ISLAND	2279	11701	EP	24526	5443	68.5	667	5103	20.8	47.7	22.2	All Grades	9.3	16804
2007	STATEN ISLAND	317	593	ELL	1480	494	45.2	644	76	5.1	40.1	33.4	All Grades	21.4	669
2007	STATEN ISLAND	1602	12329	EP	24401	4541	74.8	674	5929	24.3	50.5	18.6	All Grades	6.6	18258
2008	STATEN ISLAND	184	686	ELL	1389	429	55.9	652	90	6.5	49.4	30.9	All Grades	13.2	776
2008	STATEN ISLAND	929	13134	EP	24425	3488	81.9	681	6874	28.1	53.8	14.3	All Grades	3.8	20008
2009	STATEN ISLAND	118	859	ELL	1492	397	65.5	660	118	7.9	57.6	26.6	All Grades	7.9	977
2009	STATEN ISLAND	518	13505	EP	24669	2647	87.2	686	7999	32.4	54.7	10.7	All Grades	2.1	21504
2010	STATEN ISLAND	338	362	ELL	1554	768	28.8	661	86	5.5	23.3	49.4	All Grades	21.8	448
2010	STATEN ISLAND	1698	8801	EP	24722	7440	63	685	6783	27.4	35.6	30.1	All Grades	6.9	15584
2011	STATEN ISLAND	349	379	ELL	1491	699	29.7	661	64	4.3	25.4	46.9	All Grades	23.4	443
2011	STATEN ISLAND	1508	10490	EP	25029	6636	67.5	686	6395	25.6	41.9	26.5	All Grades	6	16885
2012	STATEN ISLAND	319	388	ELL	1423	639	32.7	664	77	5.4	27.3	44.9	All Grades	22.4	465
2012	STATEN ISLAND	1532	10248	EP	25203	6362	68.7	688	7061	28	40.7	25.2	All Grades	6.1	17309
